customer_id,total_sales,total_orders
Unknown,1754901.91,133320
14646.0,280206.02,2080
18102.0,259657.3,431
17450.0,194390.79,336
16446.0,168472.5,3
14911.0,143711.17,5672
12415.0,124914.53,716
14156.0,117210.08,1395
17511.0,91062.38,963
16029.0,80850.84,241
12346.0,77183.6,1
16684.0,66653.56,277
14096.0,65164.79,5111
13694.0,65039.62,568
15311.0,60632.75,2366
13089.0,58762.08,1814
17949.0,58510.48,70
15769.0,56252.72,130
15061.0,54534.14,403
14298.0,51527.3,1637
14088.0,50491.81,589
15749.0,44534.3,10
12931.0,42055.96,82
17841.0,40519.84,7676
15098.0,39916.5,3
13798.0,37153.85,349
16013.0,37130.6,139
16422.0,34684.4,369
15838.0,33643.08,167
12748.0,33053.19,4413
17404.0,31906.82,198
17389.0,31833.68,213
13098.0,28882.44,572
14680.0,28754.11,258
13081.0,28337.38,1028
13408.0,28117.04,478
17857.0,26879.04,54
16333.0,26626.8,45
13777.0,25977.16,197
12753.0,21429.39,197
12744.0,21279.29,222
16210.0,21086.3,123
17675.0,20374.28,705
17381.0,20275.61,109
12471.0,19788.65,459
15039.0,19766.59,1477
12731.0,18895.91,274
15159.0,18641.010000000002,710
12901.0,17654.54,116
12678.0,17628.46,165
14031.0,17286.86,250
17428.0,17256.85,328
13767.0,17220.36,368
13881.0,17159.52,178
16839.0,16594.35,266
12921.0,16587.09,720
17677.0,16345.38,303
15189.0,16225.39,212
14607.0,16209.5,81
15856.0,16143.64,628
14051.0,15610.390000000001,210
15513.0,14758.22,308
16133.0,14589.04,339
14866.0,14389.9,99
16705.0,14034.99,270
12681.0,13787.54,638
12621.0,13689.67,467
12540.0,13400.24,478
12433.0,13375.87,420
15498.0,13316.4,512
12477.0,13219.74,300
17735.0,13110.02,690
16525.0,13027.45,183
14258.0,12669.98,111
13078.0,12627.94,358
12536.0,12601.830000000002,261
15640.0,12416.11,476
16000.0,12393.7,9
17340.0,12353.29,407
12682.0,12279.82,524
13113.0,12245.960000000001,201
14606.0,12076.15,2677
12557.0,11990.960000000001,33
12939.0,11581.8,47
15125.0,11528.48,127
14194.0,11349.52,579
12971.0,11189.91,305
14895.0,11138.710000000001,498
12409.0,11072.67,109
17581.0,11025.24,439
15482.0,10879.76,97
13319.0,10845.550000000001,476
17107.0,10797.48,416
13340.0,10736.48,134
17139.0,10650.77,477
16779.0,10611.72,331
17865.0,10526.32,370
17706.0,10504.49,382
15251.0,10484.99,111
14062.0,10464.85,111
14769.0,10416.98,1062
15615.0,10399.74,423
15502.0,10384.93,213
16180.0,10254.18,162
16843.0,10196.57,378
12590.0,9864.26,68
13199.0,9817.12,119
13001.0,9785.970000000001,337
15078.0,9743.11,440
12709.0,9706.52,207
13458.0,9646.57,382
14733.0,9585.91,202
16523.0,9418.470000000001,290
12567.0,9401.28,446
14367.0,9227.82,521
14667.0,9175.04,567
18092.0,9068.26,89
12451.0,9035.52,354
13969.0,9024.17,619
13488.0,8968.31,422
13090.0,8910.82,155
16033.0,8778.82,1128
17017.0,8694.26,252
17306.0,8631.31,66
16656.0,8625.8,73
17243.0,8540.05,387
14527.0,8507.13,971
12683.0,8476.57,344
18139.0,8438.34,159
15358.0,8347.2,551
16558.0,8338.49,460
14056.0,8152.71,1088
14936.0,8137.02,364
16672.0,8134.9400000000005,114
13854.0,8109.5199999999995,110
14952.0,8099.49,138
18109.0,8004.92,441
14796.0,7975.49,1132
12428.0,7956.46,294
15290.0,7943.22,204
14849.0,7930.54,388
12757.0,7834.650000000001,364
13093.0,7832.47,159
12435.0,7829.89,36
13629.0,7792.36,59
17811.0,7761.82,828
15044.0,7634.7300000000005,444
15194.0,7616.53,310
18172.0,7561.68,189
13263.0,7436.93,1667
12980.0,7374.900000000001,20
15465.0,7354.62,97
17396.0,7330.8,27
12474.0,7324.09,422
12583.0,7281.38,247
13018.0,7277.7,458
18229.0,7276.9,164
16729.0,7205.33,656
16745.0,7180.7,355
16873.0,7123.62,279
13324.0,7121.95,75
16923.0,7069.08,626
13985.0,7060.13,351
14961.0,7044.68,312
12766.0,6989.63,310
12798.0,6977.04,8
12989.0,6924.11,64
13027.0,6912.0,26
16187.0,6911.4400000000005,295
16713.0,6910.78,619
17416.0,6893.42,269
12705.0,6868.29,334
12476.0,6816.42,233
12830.0,6814.64,38
15601.0,6776.56,410
16652.0,6773.97,118
18055.0,6761.34,358
16532.0,6748.8,4
15023.0,6720.41,553
13576.0,6717.34,126
15249.0,6688.46,350
16746.0,6680.11,444
16353.0,6675.71,94
12626.0,6620.4800000000005,294
16182.0,6617.65,28
15144.0,6580.4400000000005,217
12472.0,6572.11,339
17338.0,6493.54,721
18223.0,6484.54,272
15694.0,6479.4,78
13225.0,6463.84,32
13102.0,6424.09,304
12431.0,6419.95,235
16814.0,6416.7,319
13871.0,6403.25,336
12359.0,6310.03,245
13668.0,6309.83,463
13709.0,6307.650000000001,335
15005.0,6295.37,1112
16126.0,6287.77,117
17315.0,6281.2300000000005,471
14057.0,6211.66,283
12357.0,6207.67,131
14060.0,6140.42,202
13418.0,6127.43,304
15939.0,6115.01,76
17509.0,6083.64,364
14735.0,6065.6900000000005,194
13097.0,6003.22,421
12637.0,6002.9,382
14101.0,5976.79,35
15382.0,5955.71,302
14944.0,5900.25,170
13209.0,5891.61,321
13534.0,5870.08,296
14505.0,5859.43,785
14415.0,5855.57,579
13050.0,5836.86,403
12720.0,5781.7300000000005,354
15218.0,5756.89,166
17686.0,5739.46,286
13316.0,5732.93,86
13178.0,5725.47,265
16553.0,5719.82,84
13468.0,5704.97,302
14110.0,5683.15,156
17716.0,5655.99,245
13004.0,5655.91,404
17049.0,5655.03,317
18118.0,5625.08,1263
17757.0,5593.39,740
12839.0,5591.42,314
12481.0,5579.82,216
14688.0,5579.1,324
14049.0,5578.72,478
16767.0,5575.56,221
12539.0,5568.35,273
16161.0,5533.67,471
18225.0,5504.96,269
16609.0,5493.46,276
15805.0,5488.18,299
16985.0,5464.12,120
16265.0,5447.0,258
18198.0,5425.56,159
12490.0,5417.93,245
17809.0,5411.91,61
16701.0,5398.3,144
17719.0,5396.04,274
17850.0,5391.21,297
16303.0,5360.63,162
13269.0,5343.28,315
17730.0,5298.4800000000005,218
15150.0,5291.33,341
17061.0,5232.2300000000005,99
18226.0,5228.05,242
12362.0,5226.2300000000005,266
16258.0,5203.51,135
13756.0,5189.52,142
16191.0,5180.52,134
15727.0,5159.06,301
13599.0,5149.92,246
17858.0,5140.66,197
15903.0,5126.76,74
13941.0,5112.96,45
15046.0,5090.42,201
16700.0,5076.55,308
13139.0,5064.9400000000005,170
12432.0,5059.32,108
17602.0,5054.42,551
15301.0,5049.95,242
17426.0,5037.26,271
15719.0,5030.07,931
14755.0,5010.28,235
14562.0,5006.77,419
12444.0,5005.46,177
14329.0,4975.24,258
15032.0,4959.1,52
12437.0,4951.41,200
12700.0,4939.99,268
14709.0,4921.04,196
15786.0,4919.0,266
15547.0,4910.6,695
17133.0,4892.240000000001,27
12664.0,4881.88,37
12688.0,4873.81,171
14292.0,4871.93,100
17652.0,4867.72,259
15738.0,4812.42,173
13013.0,4810.9400000000005,219
15298.0,4799.9,192
15555.0,4794.86,887
15187.0,4777.18,91
17365.0,4767.36,465
12955.0,4757.16,180
14180.0,4748.52,240
15152.0,4745.69,271
16722.0,4730.81,225
17690.0,4726.8,252
12714.0,4708.86,259
14135.0,4690.31,134
14191.0,4684.76,259
15291.0,4668.3,103
14189.0,4654.08,265
14390.0,4642.57,284
14159.0,4630.35,1175
14286.0,4628.75,280
13802.0,4599.42,60
15093.0,4597.02,108
14004.0,4582.64,171
16931.0,4554.87,886
17068.0,4552.14,296
17613.0,4544.55,306
12484.0,4527.32,343
13267.0,4521.49,211
15299.0,4507.01,7
12524.0,4485.72,144
17975.0,4483.26,293
14426.0,4481.67,224
12627.0,4478.53,230
17364.0,4462.68,406
16984.0,4459.52,400
13069.0,4431.44,424
14085.0,4421.29,448
15955.0,4416.26,183
16626.0,4413.1,179
15874.0,4405.88,120
14534.0,4397.3,508
12712.0,4396.13,133
13505.0,4393.63,215
12752.0,4366.78,53
16945.0,4345.5,249
14016.0,4341.21,161
14800.0,4331.79,383
17567.0,4331.48,165
18251.0,4314.72,16
12347.0,4310.0,182
17937.0,4301.22,43
15034.0,4274.16,390
14422.0,4263.64,222
12500.0,4257.82,61
17419.0,4226.57,206
14525.0,4215.9,282
15804.0,4206.39,263
15971.0,4199.85,35
12747.0,4196.01,103
14146.0,4191.0,210
14277.0,4188.0,222
12949.0,4167.22,215
13384.0,4151.93,152
15570.0,4148.82,319
13988.0,4147.96,234
12569.0,4124.6900000000005,188
17920.0,4119.5,665
16592.0,4113.68,216
13555.0,4098.88,135
16401.0,4098.32,186
18041.0,4097.37,458
16670.0,4095.9,252
12749.0,4090.88,199
14092.0,4076.9100000000003,214
12449.0,4067.29,191
17377.0,4058.32,404
18087.0,4055.7200000000003,2
14401.0,4051.48,182
12656.0,4051.17,126
16549.0,4034.9,925
13815.0,4027.36,176
15514.0,4023.7200000000003,166
17940.0,4020.04,18
12957.0,4017.54,238
12867.0,4009.34,534
12378.0,4008.62,219
16186.0,4006.94,218
12841.0,3991.58,414
17001.0,3989.57,169
15416.0,3984.32,192
12779.0,3981.36,149
12727.0,3980.7000000000003,139
14547.0,3974.75,355
14299.0,3965.62,143
13523.0,3964.88,172
15529.0,3962.6,662
17611.0,3961.12,567
13183.0,3957.78,94
17769.0,3957.43,304
17651.0,3945.0,232
12473.0,3928.05,167
17593.0,3923.86,212
14739.0,3902.28,60
13999.0,3901.81,208
14291.0,3883.25,237
15195.0,3861.0,1
18073.0,3859.82,72
12662.0,3849.78,230
16717.0,3843.08,198
13266.0,3834.2599999999998,187
17091.0,3827.76,195
16327.0,3820.27,317
12755.0,3811.9500000000003,4
12597.0,3811.22,206
15867.0,3810.14,459
13435.0,3809.89,101
12668.0,3807.15,161
16145.0,3799.4900000000002,224
16655.0,3789.52,258
16168.0,3787.6,98
16019.0,3786.24,160
12562.0,3781.7400000000002,168
17173.0,3766.6,86
13124.0,3756.33,222
12429.0,3750.4,97
14145.0,3742.2,11
13552.0,3740.07,109
16570.0,3738.4,126
12502.0,3723.87,147
12647.0,3722.82,122
13680.0,3719.12,194
17238.0,3719.1,555
16240.0,3718.8,135
14364.0,3717.35,69
15845.0,3711.77,138
15622.0,3709.56,185
17819.0,3704.87,48
15379.0,3703.29,194
14282.0,3701.44,154
12553.0,3692.28,191
16253.0,3683.86,123
13148.0,3683.26,312
15581.0,3675.77,147
15296.0,3672.86,194
16904.0,3653.75,665
15808.0,3651.27,195
12417.0,3649.1,192
13426.0,3641.32,157
12619.0,3641.24,90
16440.0,3640.67,282
13381.0,3639.31,172
17230.0,3638.41,69
17528.0,3628.5,253
13327.0,3627.77,108
13520.0,3624.35,93
13082.0,3613.63,73
18079.0,3613.15,123
16712.0,3611.31,438
15505.0,3610.96,97
13137.0,3603.29,687
14543.0,3599.73,71
15484.0,3590.41,187
14132.0,3586.03,200
16242.0,3579.86,292
17576.0,3564.83,402
14040.0,3560.32,229
17203.0,3560.08,148
17491.0,3558.87,109
15544.0,3546.71,259
14503.0,3543.26,164
12370.0,3541.94,166
13448.0,3534.69,194
12454.0,3528.34,15
17160.0,3518.03,229
13953.0,3515.68,20
15113.0,3509.43,97
16131.0,3506.54,78
13334.0,3502.32,265
14907.0,3501.1,165
16458.0,3482.7400000000002,202
14395.0,3479.91,348
13993.0,3466.36,121
13014.0,3466.28,110
15410.0,3450.84,122
16360.0,3450.41,636
15129.0,3447.4,84
13536.0,3444.39,178
15974.0,3442.15,176
17725.0,3439.08,192
15676.0,3435.76,202
14221.0,3432.8,193
12406.0,3415.3,105
15981.0,3408.48,97
17758.0,3408.2,404
13437.0,3408.06,167
17669.0,3406.7200000000003,68
13198.0,3401.2400000000002,226
15228.0,3386.71,125
13842.0,3385.62,206
16011.0,3352.96,210
14227.0,3350.96,175
16818.0,3349.57,189
16607.0,3347.71,172
17183.0,3347.31,73
12643.0,3344.64,24
12613.0,3344.38,153
13015.0,3339.64,175
12594.0,3338.2200000000003,118
16556.0,3313.79,207
13373.0,3312.25,158
14841.0,3295.76,138
15632.0,3285.31,167
12480.0,3281.63,154
15764.0,3279.9700000000003,180
17723.0,3276.4000000000005,10
14702.0,3251.79,342
13952.0,3251.071,137
13047.0,3237.54,172
15708.0,3235.25,273
14175.0,3222.3,149
13880.0,3219.77,165
15443.0,3213.59,372
14388.0,3212.84,186
16107.0,3204.1600000000003,31
13868.0,3192.54,33
13758.0,3190.55,117
14844.0,3189.81,130
17220.0,3187.55,467
17050.0,3185.64,308
12456.0,3181.04,125
17672.0,3178.17,110
13268.0,3174.75,433
16837.0,3170.98,165
16041.0,3166.4,6
17863.0,3160.0,148
15065.0,3158.13,155
17685.0,3155.83,127
15861.0,3146.92,540
14235.0,3144.86,79
17231.0,3124.72,531
13685.0,3119.44,39
16678.0,3109.99,163
13742.0,3107.87,313
14099.0,3104.17,250
15491.0,3100.09,154
14257.0,3099.7200000000003,106
14565.0,3099.12,127
13135.0,3096.0,1
16156.0,3092.04,128
13362.0,3090.7400000000002,166
16218.0,3084.68,84
13869.0,3083.65,304
17059.0,3080.39,514
15998.0,3080.22,504
18272.0,3078.58,166
12910.0,3075.04,75
13631.0,3070.42,11
16940.0,3049.88,305
16393.0,3040.96,327
16326.0,3039.2200000000003,300
17799.0,3039.17,404
16905.0,3037.6,199
16709.0,3029.87,79
12598.0,3023.08,132
12395.0,3018.63,156
18094.0,3017.3,70
14456.0,3017.28,947
12754.0,3010.74,63
15521.0,3000.2,185
17659.0,2999.46,158
17504.0,2997.03,127
12670.0,2996.05,92
14307.0,2995.7200000000003,180
15687.0,2993.1,166
14639.0,2984.4900000000002,172
14032.0,2975.59,143
15854.0,2969.12,138
16497.0,2965.69,136
17924.0,2962.5,31
16686.0,2959.88,544
14868.0,2953.59,144
12916.0,2944.95,103
17444.0,2940.04,135
16316.0,2938.91,151
17512.0,2924.9900000000002,105
15606.0,2920.16,77
12906.0,2919.81,63
14112.0,2915.15,160
12438.0,2906.85,98
13451.0,2898.2599999999998,433
17644.0,2895.64,157
18144.0,2888.75,43
12408.0,2888.55,105
13735.0,2883.54,195
16633.0,2883.1,152
14251.0,2879.7000000000003,78
17728.0,2876.01,165
14005.0,2874.72,84
15628.0,2870.2400000000002,155
13901.0,2867.2000000000003,149
12685.0,2863.08,157
14530.0,2862.11,213
18145.0,2861.55,221
14535.0,2854.84,328
14711.0,2839.62,345
14852.0,2836.69,143
14842.0,2824.69,145
16928.0,2814.7,204
16871.0,2812.34,137
12356.0,2811.43,59
18230.0,2810.2000000000003,86
17596.0,2806.69,265
14572.0,2804.54,262
16081.0,2799.42,223
13769.0,2796.51,135
14903.0,2795.33,350
12578.0,2794.51,114
12758.0,2791.59,97
17739.0,2791.35,47
14626.0,2791.27,122
16764.0,2790.9500000000003,700
17213.0,2781.23,157
12388.0,2780.6600000000003,100
15984.0,2780.63,258
14121.0,2780.15,159
15993.0,2777.67,543
13870.0,2770.94,115
15114.0,2760.56,197
13971.0,2758.26,149
13230.0,2755.63,587
15321.0,2748.31,95
17084.0,2747.9900000000002,149
12669.0,2744.0299999999997,101
13174.0,2742.82,293
14854.0,2740.03,126
16003.0,2735.37,103
12840.0,2726.77,113
15673.0,2726.23,138
12380.0,2724.81,104
17838.0,2720.8,117
14125.0,2720.63,166
14808.0,2718.6,231
15356.0,2718.03,499
12708.0,2712.91,157
16938.0,2711.6800000000003,235
15696.0,2711.11,168
17069.0,2709.7000000000003,143
13285.0,2709.12,187
15796.0,2708.61,132
13654.0,2707.33,166
14107.0,2703.23,123
14732.0,2702.4900000000002,147
17386.0,2686.42,28
12625.0,2683.82,86
13883.0,2674.48,142
18097.0,2662.4,106
14713.0,2662.2,338
12360.0,2662.06,129
14439.0,2661.24,32
15671.0,2657.13,78
12721.0,2656.13,161
13851.0,2651.46,81
16618.0,2647.59,96
13658.0,2639.17,108
17655.0,2638.94,91
13771.0,2634.45,119
12520.0,2634.26,152
17402.0,2633.85,59
18260.0,2628.35,133
15752.0,2626.6,405
13422.0,2626.3,127
13644.0,2624.26,146
17346.0,2622.88,483
18210.0,2621.38,134
16255.0,2619.91,270
14262.0,2618.23,143
13021.0,2616.38,131
15782.0,2614.74,43
14397.0,2612.96,87
18075.0,2611.75,142
12836.0,2610.36,174
12726.0,2609.1,124
13136.0,2607.61,127
13983.0,2603.43,107
17317.0,2600.34,9
17965.0,2599.19,325
12600.0,2599.04,64
14408.0,2599.03,106
13895.0,2593.07,118
16919.0,2592.25,326
16241.0,2590.31,655
14243.0,2588.77,141
13804.0,2588.39,135
18077.0,2584.41,223
13911.0,2580.91,148
14546.0,2573.93,397
18245.0,2567.06,175
15485.0,2564.5,85
16308.0,2560.0,4
15033.0,2557.18,501
16912.0,2555.58,100
14334.0,2552.21,162
14676.0,2548.2400000000002,42
14776.0,2538.2999999999997,117
17700.0,2534.64,142
15572.0,2533.42,212
14659.0,2529.93,253
17314.0,2527.92,131
14701.0,2526.09,327
13394.0,2520.02,155
17449.0,2519.21,276
15245.0,2515.84,89
13344.0,2511.69,116
12352.0,2506.04,85
13695.0,2504.13,90
13471.0,2501.84,254
15932.0,2495.87,115
16477.0,2494.46,146
15271.0,2493.34,264
12483.0,2484.98,75
12913.0,2483.63,50
12517.0,2481.6,279
14315.0,2481.13,101
13507.0,2479.16,162
13588.0,2478.95,174
17682.0,2474.33,118
17188.0,2474.23,84
14766.0,2473.37,135
16710.0,2467.9900000000002,394
17164.0,2467.35,144
12455.0,2466.86,90
17131.0,2463.17,134
15750.0,2463.05,291
13784.0,2462.79,31
13975.0,2461.2400000000002,329
15674.0,2446.6,114
14163.0,2445.91,52
14502.0,2429.83,608
17071.0,2429.03,140
15527.0,2428.53,162
13949.0,2427.32,160
16143.0,2424.94,117
17722.0,2424.04,115
15089.0,2420.84,145
15373.0,2415.91,132
12397.0,2409.9,126
17589.0,2404.17,253
15980.0,2398.86,43
18065.0,2392.83,137
13141.0,2388.75,135
15370.0,2386.05,94
14493.0,2383.2400000000002,120
14239.0,2380.85,112
15270.0,2379.49,41
13722.0,2375.41,85
17434.0,2373.82,134
13908.0,2369.55,122
17530.0,2367.12,390
15755.0,2364.25,141
12457.0,2363.23,63
14930.0,2362.96,127
14030.0,2358.84,242
17634.0,2358.59,296
14440.0,2357.68,55
15140.0,2354.25,80
14309.0,2352.53,117
12704.0,2340.84,88
18259.0,2338.6,42
12584.0,2338.15,96
18257.0,2337.63,118
15281.0,2332.15,139
12782.0,2330.92,103
15785.0,2328.9700000000003,83
17313.0,2328.84,24
17744.0,2322.4,136
17211.0,2317.2200000000003,211
14290.0,2314.65,101
15365.0,2314.32,114
17954.0,2314.13,477
13704.0,2308.06,134
15288.0,2306.52,88
16550.0,2298.97,251
15105.0,2298.93,101
13115.0,2294.78,120
15704.0,2293.62,117
12615.0,2291.19,105
17696.0,2285.71,115
12684.0,2283.63,105
14554.0,2279.4900000000002,203
13994.0,2274.14,148
13317.0,2273.68,124
14466.0,2272.4,72
16782.0,2267.9500000000003,183
16057.0,2263.12,121
16209.0,2262.62,46
16293.0,2248.9900000000002,118
13700.0,2248.63,194
17442.0,2248.56,135
14432.0,2248.5,377
15235.0,2247.51,143
16735.0,2247.41,116
16771.0,2242.61,254
13527.0,2242.36,217
14211.0,2241.1,112
14560.0,2237.77,74
16076.0,2234.73,129
18242.0,2232.4900000000002,78
12783.0,2225.91,84
13365.0,2225.37,128
15834.0,2225.15,269
15665.0,2222.21,115
14825.0,2221.01,120
15811.0,2218.62,133
12876.0,2218.02,85
14226.0,2214.79,66
16743.0,2213.13,190
15722.0,2211.21,67
12653.0,2209.85,43
13862.0,2209.36,139
15797.0,2207.4,8
15179.0,2206.9500000000003,93
17591.0,2203.67,157
15123.0,2199.31,106
13831.0,2198.45,72
14700.0,2195.1,112
16628.0,2188.05,117
17406.0,2184.42,111
15394.0,2183.54,85
12909.0,2178.67,91
12856.0,2170.78,311
12501.0,2169.39,149
14341.0,2166.98,128
12633.0,2163.98,101
12935.0,2160.7,129
16456.0,2158.18,110
14407.0,2157.73,73
16379.0,2157.4,108
13224.0,2155.95,108
16966.0,2154.97,28
17272.0,2148.63,114
14828.0,2139.76,17
12560.0,2134.01,105
13517.0,2128.42,141
18061.0,2119.41,46
13632.0,2118.93,145
14360.0,2118.03,117
18008.0,2116.19,30
14691.0,2114.33,71
13755.0,2108.06,321
14640.0,2107.38,105
18173.0,2106.84,31
18093.0,2106.52,36
14461.0,2103.06,180
15058.0,2102.54,266
15815.0,2100.6,49
13126.0,2099.64,140
12610.0,2099.54,106
17861.0,2097.88,219
17400.0,2097.84,206
16875.0,2095.53,112
17191.0,2093.68,236
14306.0,2093.32,33
13265.0,2092.66,90
17490.0,2092.32,76
13297.0,2089.85,59
13571.0,2088.94,340
18044.0,2088.6,127
14810.0,2085.33,254
16954.0,2085.08,54
17768.0,2081.9,98
16407.0,2079.68,168
14696.0,2078.95,130
14515.0,2076.89,98
14209.0,2073.43,87
18241.0,2073.09,104
18231.0,2071.77,123
18219.0,2069.77,114
12948.0,2064.95,116
12928.0,2062.7,84
16281.0,2062.06,17
14409.0,2059.4500000000003,54
12518.0,2056.89,124
17667.0,2055.51,117
14188.0,2054.36,65
16150.0,2053.02,117
17086.0,2050.08,96
17612.0,2048.45,135
14232.0,2048.07,115
18283.0,2045.53,721
13495.0,2044.8700000000001,48
17597.0,2044.3700000000001,55
13450.0,2043.72,71
14001.0,2043.0800000000002,39
12585.0,2040.1,87
17846.0,2033.1,1
13630.0,2031.78,71
16358.0,2027.5,109
16409.0,2022.98,231
14482.0,2022.81,137
15341.0,2020.52,17
17625.0,2020.4,306
13593.0,2011.88,127
18069.0,2009.24,457
15372.0,2007.4,27
16098.0,2005.63,67
14217.0,2004.98,100
14544.0,2004.3,111
17082.0,2003.8500000000001,81
16754.0,2002.4,2
18188.0,2001.04,71
13305.0,2000.86,81
16698.0,1998.0,5
17679.0,1992.1100000000001,30
17088.0,1991.01,115
17827.0,1987.33,215
13590.0,1981.92,87
17337.0,1981.06,521
14462.0,1980.57,233
13725.0,1980.56,104
17422.0,1979.37,117
18204.0,1975.3500000000001,192
17090.0,1974.65,61
15531.0,1972.39,219
16341.0,1971.8700000000001,77
12674.0,1970.6,83
17790.0,1964.3,189
17997.0,1962.46,164
13246.0,1961.52,136
14506.0,1960.65,295
14498.0,1957.32,193
12853.0,1957.1000000000001,78
15493.0,1953.41,289
17554.0,1952.45,88
17218.0,1951.97,271
14533.0,1949.72,62
15814.0,1945.3300000000002,72
14418.0,1937.25,124
15864.0,1936.32,20
15157.0,1936.07,125
15351.0,1934.66,219
12528.0,1933.48,92
14655.0,1932.23,49
13094.0,1927.3200000000002,24
14653.0,1926.65,234
15518.0,1921.55,210
14978.0,1921.3700000000001,214
14285.0,1910.01,27
17228.0,1906.09,208
16983.0,1905.87,143
14210.0,1905.8400000000001,102
15819.0,1905.45,123
16942.0,1904.99,277
14250.0,1904.05,111
12762.0,1898.52,69
14730.0,1897.57,462
14934.0,1890.94,87
12371.0,1887.96,63
15641.0,1887.2,119
16170.0,1885.05,125
13890.0,1883.81,110
16128.0,1880.22,89
17738.0,1879.05,97
17368.0,1878.87,107
15367.0,1877.5900000000001,95
17463.0,1875.8600000000001,208
16986.0,1873.2,3
13982.0,1871.81,111
15021.0,1871.77,444
17469.0,1870.97,88
16841.0,1869.82,116
17870.0,1865.8899999999999,270
16426.0,1863.76,353
16201.0,1863.47,111
14887.0,1862.0,6
12423.0,1859.31,125
14305.0,1858.96,105
12963.0,1856.63,95
17293.0,1854.06,132
14472.0,1852.67,265
16979.0,1852.0,89
12383.0,1850.56,99
17873.0,1848.96,43
12381.0,1845.31,87
17519.0,1844.02,82
14524.0,1843.83,197
18180.0,1843.75,119
12950.0,1843.0,23
16102.0,1842.14,57
16455.0,1841.18,99
14113.0,1840.42,34
14216.0,1839.3,59
13924.0,1838.8500000000001,117
17015.0,1838.61,214
14459.0,1837.92,37
18287.0,1837.28,70
13650.0,1836.3400000000001,96
15827.0,1836.09,115
14665.0,1835.7,90
13421.0,1833.71,102
16152.0,1829.04,29
15203.0,1827.8,142
17702.0,1824.37,74
16153.0,1824.23,89
17705.0,1823.52,103
16169.0,1822.97,85
17828.0,1820.09,67
13048.0,1819.41,135
17787.0,1817.54,128
17629.0,1814.1200000000001,123
15260.0,1810.77,77
16474.0,1810.65,337
13481.0,1804.56,109
17663.0,1802.91,86
15812.0,1801.14,41
16249.0,1800.07,69
13562.0,1799.3300000000002,82
13196.0,1797.78,110
17648.0,1797.5,91
12348.0,1797.24,31
18235.0,1796.48,104
13134.0,1793.58,98
18179.0,1793.17,90
18122.0,1793.06,357
13510.0,1791.56,115
12523.0,1789.77,106
14215.0,1789.72,108
14621.0,1788.3600000000001,92
13875.0,1786.79,104
14608.0,1785.15,20
14935.0,1784.71,10
15220.0,1778.96,117
12645.0,1775.18,73
17092.0,1774.03,124
15594.0,1771.78,103
15473.0,1771.2,11
16681.0,1770.3400000000001,44
16719.0,1770.22,196
13456.0,1766.72,63
16751.0,1764.72,25
12424.0,1760.96,30
12823.0,1759.5,5
12349.0,1757.55,73
15241.0,1756.44,110
16359.0,1750.92,66
13808.0,1747.66,76
15067.0,1744.76,82
15950.0,1744.71,97
16380.0,1743.1499999999999,31
13157.0,1741.22,87
14595.0,1740.6000000000001,102
17930.0,1740.48,39
17353.0,1740.0,8
17457.0,1737.7,19
15050.0,1737.69,76
14673.0,1736.4,74
17043.0,1735.18,102
14387.0,1727.6,139
13564.0,1724.67,81
17451.0,1721.4,100
14834.0,1720.3,67
15267.0,1717.36,11
17162.0,1715.46,104
13763.0,1714.96,15
17147.0,1714.59,81
14441.0,1712.89,51
17750.0,1710.45,184
12405.0,1710.39,54
15947.0,1708.24,29
12407.0,1708.12,77
16902.0,1706.88,44
15240.0,1706.57,78
16398.0,1705.8,82
16791.0,1705.78,314
12843.0,1702.26,103
17193.0,1699.3,32
13824.0,1698.94,46
17813.0,1698.07,348
12764.0,1693.88,45
16007.0,1693.81,381
14245.0,1693.45,108
16671.0,1692.27,6
16775.0,1691.51,157
15380.0,1690.26,36
17152.0,1689.5,14
12635.0,1689.18,101
13162.0,1688.29,79
13577.0,1687.6000000000001,83
17282.0,1685.46,89
15549.0,1681.46,114
16638.0,1680.72,94
13149.0,1676.06,86
17656.0,1674.69,82
13184.0,1668.95,179
17754.0,1664.6499999999999,89
12912.0,1662.3,24
12530.0,1662.28,66
15214.0,1661.44,110
15332.0,1661.06,35
12967.0,1660.9,19
16115.0,1660.8799999999999,279
14045.0,1659.75,6
15953.0,1657.28,97
15826.0,1654.31,68
16813.0,1652.18,426
16711.0,1651.03,22
14837.0,1649.5,108
13647.0,1648.1200000000001,78
17284.0,1647.48,291
13750.0,1647.26,24
13012.0,1646.8400000000001,88
12657.0,1643.18,47
15002.0,1641.76,115
14573.0,1639.82,227
13627.0,1638.47,92
15024.0,1636.43,152
12398.0,1635.6599999999999,85
15122.0,1633.78,82
14164.0,1631.77,29
12377.0,1628.1200000000001,77
14759.0,1625.97,102
13425.0,1624.21,78
16515.0,1624.14,111
15172.0,1624.05,110
14937.0,1621.88,34
17101.0,1621.73,42
18161.0,1618.69,80
16987.0,1616.8,128
14336.0,1614.91,90
16992.0,1614.31,93
15791.0,1612.69,75
14312.0,1611.5900000000001,87
14918.0,1610.15,45
12868.0,1607.0600000000002,107
16817.0,1604.75,86
12947.0,1603.99,97
15660.0,1600.86,90
14178.0,1600.26,318
16496.0,1599.52,95
16466.0,1595.96,146
13850.0,1595.48,93
17673.0,1594.97,218
16801.0,1594.23,75
16676.0,1592.12,89
14970.0,1592.06,34
15611.0,1591.45,43
18178.0,1590.81,97
14442.0,1589.82,63
13614.0,1585.46,195
16332.0,1582.8,151
12393.0,1582.6000000000001,64
14719.0,1581.84,235
14587.0,1580.29,371
12607.0,1579.51,101
13814.0,1579.12,57
16889.0,1578.67,135
13186.0,1575.89,79
17671.0,1572.71,53
16283.0,1570.81,166
12865.0,1568.23,95
15906.0,1567.69,150
15111.0,1567.48,84
15532.0,1564.73,251
17204.0,1564.56,57
13659.0,1563.0,103
17085.0,1562.4,186
18239.0,1561.6100000000001,88
14038.0,1560.38,92
16394.0,1555.34,83
13313.0,1555.3200000000002,78
15620.0,1553.18,100
15117.0,1551.78,79
13634.0,1547.3600000000001,186
14229.0,1547.2,40
16790.0,1545.6200000000001,93
16369.0,1545.41,117
13397.0,1544.13,38
12818.0,1542.08,14
17837.0,1541.23,162
16365.0,1540.42,51
17159.0,1538.88,101
13849.0,1537.95,101
12877.0,1535.77,154
15392.0,1535.53,84
15625.0,1534.26,64
13320.0,1532.2,105
13107.0,1531.6200000000001,58
12759.0,1531.44,95
14321.0,1530.75,123
14567.0,1530.3600000000001,33
15701.0,1529.0,230
16244.0,1522.75,91
16066.0,1521.04,101
13213.0,1520.58,90
13764.0,1519.42,207
14267.0,1516.24,55
13791.0,1516.0,11
16748.0,1515.9,69
16053.0,1511.95,84
16434.0,1511.8,107
16910.0,1508.96,545
15265.0,1506.1200000000001,82
12937.0,1504.27,120
15916.0,1502.8600000000001,151
16279.0,1502.78,106
13810.0,1499.01,35
15530.0,1497.31,107
14414.0,1496.98,97
14704.0,1493.96,393
17002.0,1493.73,49
16880.0,1491.43,174
15057.0,1489.5,25
13110.0,1488.67,145
13692.0,1488.32,53
17553.0,1487.6,2
14758.0,1484.06,71
16395.0,1482.06,206
18016.0,1477.66,122
14878.0,1476.09,122
14403.0,1475.81,20
16755.0,1475.43,165
12826.0,1474.72,91
14246.0,1474.06,75
14963.0,1472.34,192
15128.0,1471.0,102
17590.0,1468.02,196
16016.0,1465.51,224
14875.0,1465.32,47
15983.0,1465.12,112
12882.0,1463.04,13
14233.0,1462.72,35
17063.0,1461.14,78
16996.0,1456.96,37
13309.0,1456.79,107
13477.0,1454.58,79
14541.0,1453.35,105
16059.0,1453.16,178
14404.0,1449.32,100
14740.0,1448.21,89
17073.0,1446.09,174
13717.0,1445.01,102
13461.0,1445.0,27
17175.0,1443.69,63
14071.0,1437.57,323
15987.0,1432.77,128
14566.0,1432.0,4
16503.0,1431.93,84
13475.0,1431.78,86
15427.0,1430.54,292
16103.0,1429.64,48
13159.0,1429.35,120
14035.0,1428.02,66
15858.0,1427.57,188
15681.0,1426.16,53
17571.0,1425.67,271
15106.0,1422.52,100
16463.0,1422.4,82
16571.0,1421.69,87
14019.0,1421.6100000000001,66
14901.0,1421.29,96
14443.0,1420.2,93
16173.0,1418.32,84
17856.0,1418.03,15
17288.0,1417.6299999999999,140
14748.0,1415.75,89
16348.0,1415.65,222
16012.0,1415.29,94
16245.0,1413.66,90
15237.0,1412.32,99
15444.0,1411.21,214
15596.0,1406.59,77
17083.0,1405.78,52
16271.0,1404.64,130
15426.0,1404.07,275
18116.0,1403.1100000000001,371
14649.0,1402.59,186
15563.0,1400.44,113
14741.0,1400.3400000000001,59
15478.0,1399.92,44
18202.0,1396.99,68
13995.0,1393.69,86
17354.0,1393.06,16
15810.0,1391.98,89
13414.0,1390.5,24
13516.0,1389.41,44
16539.0,1388.81,45
15134.0,1387.99,73
12952.0,1387.79,79
12775.0,1386.04,66
13308.0,1385.51,54
18167.0,1384.8600000000001,37
17311.0,1384.85,55
13572.0,1384.25,33
15898.0,1383.83,84
15051.0,1383.36,142
14116.0,1382.74,72
16389.0,1382.0700000000002,34
17621.0,1379.9,26
12886.0,1378.4,82
15569.0,1375.71,31
14434.0,1372.8,12
15453.0,1371.77,279
17676.0,1371.18,77
15095.0,1370.6000000000001,47
14507.0,1367.88,95
13813.0,1366.8600000000001,69
14897.0,1366.38,55
13396.0,1360.99,43
16726.0,1358.74,178
17054.0,1356.33,83
14859.0,1353.74,58
15116.0,1352.75,45
16079.0,1352.0,21
16493.0,1351.63,56
12770.0,1351.45,12
15411.0,1348.93,98
16669.0,1348.88,156
12646.0,1346.97,45
14154.0,1345.62,52
15398.0,1345.53,73
12463.0,1344.78,83
16317.0,1341.65,69
13743.0,1341.6,41
18177.0,1340.8700000000001,73
16045.0,1340.7,83
13501.0,1340.32,52
15734.0,1339.45,26
12620.0,1339.41,92
15059.0,1337.72,237
17372.0,1337.18,251
12919.0,1335.19,50
14064.0,1334.34,77
15680.0,1333.68,78
17932.0,1331.57,90
12676.0,1331.39,45
16295.0,1328.55,79
13232.0,1328.35,202
15146.0,1327.16,91
17633.0,1324.84,70
17095.0,1324.16,74
16110.0,1320.95,342
14591.0,1320.21,176
14794.0,1319.91,80
16083.0,1317.62,31
12526.0,1316.66,71
12854.0,1316.25,109
14921.0,1316.07,78
12576.0,1315.83,88
14511.0,1314.81,68
14973.0,1314.45,32
14738.0,1314.45,54
16040.0,1313.55,65
12364.0,1313.1,85
17004.0,1312.1399999999999,43
12516.0,1312.06,26
14477.0,1309.6,10
16120.0,1309.14,30
14047.0,1308.6100000000001,32
13328.0,1308.48,17
14297.0,1305.33,62
12507.0,1304.81,22
17919.0,1304.04,23
15813.0,1303.9099999999999,40
16370.0,1301.91,221
15108.0,1300.25,60
13168.0,1299.59,126
16464.0,1298.66,230
12488.0,1298.66,55
12372.0,1298.04,52
15602.0,1297.8700000000001,47
17961.0,1296.44,249
16929.0,1295.39,77
16224.0,1295.3,96
15621.0,1293.03,16
16744.0,1291.91,236
16101.0,1290.7,76
14856.0,1290.53,65
15171.0,1289.5,5
15136.0,1286.7,68
16949.0,1286.27,60
17802.0,1285.04,140
17350.0,1281.32,70
13538.0,1280.85,25
15494.0,1280.58,122
16951.0,1277.75,86
16692.0,1276.0,3
12394.0,1272.48,27
13878.0,1271.57,35
16899.0,1271.06,123
12630.0,1270.88,64
13492.0,1269.84,50
14898.0,1269.31,109
13431.0,1269.1,46
14916.0,1268.98,77
15199.0,1268.7,13
16660.0,1267.65,16
17037.0,1267.32,75
17158.0,1266.97,67
14105.0,1266.23,74
13989.0,1266.08,41
16842.0,1264.19,63
15497.0,1262.2,15
16688.0,1260.8600000000001,62
17388.0,1259.56,15
15009.0,1259.43,180
14669.0,1259.24,166
17019.0,1258.08,228
17412.0,1258.06,66
13151.0,1257.8700000000001,74
14931.0,1257.68,41
16639.0,1257.51,50
17481.0,1255.59,82
13848.0,1255.0,5
17262.0,1253.3600000000001,12
14383.0,1247.69,59
12689.0,1247.6100000000001,72
13029.0,1247.5,10
12494.0,1246.1,77
13860.0,1245.9,76
16531.0,1244.59,77
17584.0,1242.3,35
17588.0,1240.2,23
17731.0,1240.11,67
12985.0,1239.38,76
13476.0,1238.47,58
14893.0,1237.8500000000001,73
13931.0,1237.53,58
15201.0,1236.54,69
18080.0,1231.5,2
18171.0,1231.31,54
15910.0,1228.88,266
14913.0,1227.43,87
12997.0,1226.89,59
12412.0,1226.88,61
14428.0,1224.06,137
15841.0,1224.06,47
15376.0,1221.56,116
15004.0,1220.77,154
14745.0,1220.26,69
15227.0,1219.4,58
13208.0,1217.65,148
14698.0,1217.27,200
13491.0,1215.82,86
17410.0,1214.72,64
13055.0,1214.41,76
17774.0,1213.73,153
18263.0,1213.16,61
13918.0,1212.8400000000001,30
16653.0,1212.66,69
12464.0,1212.05,29
17653.0,1207.56,44
16762.0,1207.24,63
14684.0,1201.51,390
13158.0,1201.06,79
17320.0,1200.6200000000001,73
15605.0,1198.23,67
13118.0,1197.81,79
16794.0,1196.5,278
17720.0,1195.94,50
17526.0,1195.8999999999999,19
15145.0,1194.73,67
12611.0,1193.32,65
13882.0,1191.13,65
12462.0,1189.59,62
15737.0,1188.1200000000001,71
16612.0,1187.66,66
17800.0,1187.21,103
15630.0,1186.35,60
17058.0,1179.89,62
16950.0,1178.56,42
16042.0,1177.47,70
13752.0,1175.38,75
12885.0,1175.22,71
12640.0,1174.58,53
15306.0,1174.3500000000001,58
14857.0,1173.1200000000001,60
12358.0,1168.06,19
13500.0,1166.77,65
14487.0,1165.48,140
14737.0,1164.55,17
14261.0,1163.45,52
14447.0,1163.23,70
16800.0,1162.65,156
12546.0,1161.5,69
15088.0,1160.07,57
18168.0,1160.04,130
13499.0,1159.1100000000001,42
16184.0,1158.79,45
17867.0,1157.8700000000001,68
17348.0,1156.6,213
16637.0,1154.47,69
13611.0,1154.4,72
16062.0,1153.62,64
12710.0,1149.02,77
17505.0,1145.8400000000001,52
16766.0,1145.6,34
12769.0,1143.6,32
17770.0,1143.27,38
15985.0,1142.42,37
16270.0,1141.24,54
13330.0,1140.93,53
13819.0,1140.35,36
16172.0,1140.21,69
17135.0,1139.73,52
17500.0,1138.0,5
17302.0,1135.63,79
17242.0,1135.04,40
15489.0,1134.28,50
16989.0,1133.25,12
13282.0,1132.14,37
13310.0,1132.03,72
18125.0,1131.75,192
15500.0,1131.56,68
13447.0,1129.14,59
16714.0,1129.06,87
14824.0,1127.71,29
12609.0,1126.85,60
14708.0,1126.3700000000001,28
17470.0,1125.07,78
14129.0,1123.8600000000001,52
13772.0,1122.63,173
13486.0,1122.41,69
17562.0,1122.38,63
14723.0,1122.36,259
16807.0,1121.59,67
16086.0,1121.39,39
15730.0,1120.88,70
14276.0,1119.74,64
12842.0,1118.99,34
17894.0,1118.96,192
17788.0,1117.9,5
13591.0,1117.13,58
17585.0,1116.68,208
16350.0,1116.47,57
12679.0,1113.02,48
14817.0,1110.34,63
15069.0,1109.53,70
12399.0,1108.65,59
15933.0,1107.46,74
16833.0,1106.53,47
12857.0,1106.4,46
14102.0,1105.8799999999999,58
17609.0,1105.78,233
13064.0,1105.59,68
14948.0,1101.97,63
15716.0,1101.11,117
17047.0,1100.9,65
14410.0,1100.27,190
14744.0,1099.98,26
15978.0,1098.78,49
13104.0,1098.48,20
17966.0,1098.43,68
14971.0,1097.98,155
14161.0,1097.6200000000001,104
16225.0,1096.32,134
13211.0,1095.42,55
13652.0,1095.08,63
15745.0,1094.5900000000001,62
15608.0,1093.68,60
18189.0,1090.24,68
13853.0,1090.1399999999999,23
12534.0,1089.18,63
15763.0,1086.92,61
16533.0,1082.81,176
13610.0,1082.33,215
14561.0,1080.76,69
13744.0,1080.52,63
13726.0,1079.66,42
15197.0,1079.61,32
12354.0,1079.4,58
14352.0,1078.96,47
16094.0,1078.23,63
16563.0,1077.74,19
13715.0,1077.39,104
16049.0,1074.81,299
13131.0,1073.3,44
15712.0,1072.3600000000001,53
15238.0,1071.99,50
13467.0,1071.91,98
13521.0,1071.73,418
17041.0,1071.49,69
13635.0,1071.03,62
17522.0,1070.71,73
13761.0,1070.65,70
14212.0,1070.48,9
16200.0,1068.8700000000001,172
16918.0,1068.82,128
15436.0,1067.75,291
15027.0,1066.15,35
17277.0,1065.3500000000001,69
14488.0,1064.28,46
12951.0,1064.07,63
15801.0,1063.95,64
12936.0,1063.9,62
12815.0,1063.46,47
14411.0,1063.0,14
16214.0,1062.75,44
15706.0,1060.56,55
17727.0,1060.25,66
18130.0,1059.39,70
17214.0,1059.1200000000001,101
13455.0,1058.34,46
15977.0,1054.73,65
12716.0,1053.49,69
14419.0,1051.79,202
16416.0,1051.4,71
15329.0,1049.7,57
14078.0,1049.37,65
17287.0,1049.06,122
15839.0,1048.49,62
16728.0,1048.28,263
15777.0,1047.1100000000001,21
15407.0,1046.74,148
16520.0,1046.57,156
14293.0,1046.56,61
15464.0,1044.65,155
15192.0,1044.32,51
14389.0,1043.46,45
15073.0,1043.41,54
12497.0,1043.1,14
13719.0,1041.68,60
18221.0,1041.61,64
15434.0,1041.48,55
16320.0,1038.46,56
14465.0,1038.44,123
16175.0,1037.5900000000001,58
17042.0,1036.58,97
12691.0,1035.8,32
16260.0,1035.45,18
13639.0,1033.34,40
14584.0,1033.06,98
17724.0,1033.0,40
12599.0,1032.58,62
15996.0,1032.58,127
12724.0,1031.41,53
17405.0,1031.41,82
13235.0,1031.07,58
12717.0,1030.98,55
13253.0,1030.4,36
17033.0,1030.14,28
15333.0,1028.56,16
16980.0,1028.46,81
16682.0,1028.0,30
16160.0,1025.44,20
14904.0,1025.44,69
15658.0,1024.1000000000001,48
17096.0,1022.13,48
14346.0,1021.58,60
13165.0,1021.48,42
12572.0,1020.4200000000001,60
13376.0,1019.76,53
18142.0,1019.52,15
13956.0,1019.27,147
12828.0,1018.71,56
12514.0,1017.6800000000001,51
13728.0,1016.14,63
12642.0,1013.26,47
12739.0,1013.04,38
17197.0,1013.01,29
14195.0,1012.0,7
14775.0,1011.9,60
16229.0,1010.6,47
14446.0,1010.35,277
12849.0,1010.29,48
13032.0,1010.1800000000001,71
14224.0,1009.73,113
16572.0,1009.6,57
16174.0,1009.55,23
17951.0,1008.5400000000001,20
17646.0,1008.39,51
14631.0,1006.98,41
13429.0,1006.8,67
13867.0,1005.09,60
14214.0,1004.38,67
13410.0,1003.06,28
14083.0,1002.9,177
12446.0,1002.3100000000001,58
12545.0,1000.39,50
15508.0,1000.27,92
18143.0,1000.16,61
12722.0,997.63,53
15110.0,996.1,35
15104.0,993.54,67
17594.0,993.1800000000001,50
13363.0,992.5,60
14223.0,991.13,60
16232.0,990.88,37
14514.0,990.2,69
17126.0,989.45,248
15062.0,987.86,57
18237.0,987.1,61
14583.0,986.96,302
17324.0,986.48,49
13117.0,984.91,76
17144.0,984.57,48
12510.0,982.5699999999999,33
15133.0,982.42,29
15071.0,982.07,26
16188.0,981.86,67
16085.0,981.51,167
12541.0,981.18,52
18170.0,980.3100000000001,38
13509.0,979.72,44
13350.0,979.12,40
15132.0,977.9300000000001,52
14920.0,977.77,57
13026.0,975.36,40
16376.0,974.96,122
14522.0,974.54,17
15449.0,974.52,60
12994.0,974.42,61
18194.0,973.84,7
16009.0,972.11,82
15506.0,972.08,161
13155.0,971.76,85
17100.0,971.74,65
14256.0,969.0600000000001,53
14138.0,965.88,46
15793.0,965.61,12
15860.0,965.16,139
12550.0,964.83,57
13138.0,962.39,63
14006.0,962.19,30
15156.0,961.49,55
16419.0,958.71,50
18192.0,957.97,45
13823.0,957.66,40
12697.0,957.59,41
14629.0,955.26,150
15948.0,955.24,60
17244.0,954.9,31
17097.0,954.42,211
15835.0,954.09,50
14540.0,952.66,71
15421.0,950.36,53
13636.0,949.12,63
12822.0,948.88,46
17044.0,948.48,6
13748.0,948.25,28
12458.0,947.4,38
15747.0,946.64,90
13261.0,944.1,9
12820.0,942.34,59
14075.0,942.26,43
15289.0,939.78,58
17527.0,939.37,47
17227.0,939.32,47
16584.0,936.08,28
14140.0,935.05,66
16027.0,934.62,16
12924.0,933.7,30
15787.0,933.26,200
13655.0,932.97,56
14532.0,932.85,64
18133.0,931.5,1
16934.0,931.03,61
17289.0,931.02,104
17552.0,930.41,49
17618.0,930.28,67
16907.0,928.76,140
14475.0,925.85,42
14231.0,925.71,50
17048.0,925.35,43
15312.0,924.85,47
13805.0,924.5999999999999,13
15654.0,922.53,21
13122.0,922.39,55
16551.0,922.12,32
13934.0,922.1,31
13035.0,921.88,27
14081.0,921.62,150
15576.0,921.37,43
13984.0,920.51,16
17018.0,920.1,16
12652.0,919.98,48
13075.0,919.61,22
16511.0,918.33,159
15253.0,918.2,53
13549.0,918.2,51
14015.0,917.34,20
14712.0,917.07,25
15707.0,916.98,205
17236.0,916.13,105
14141.0,915.13,40
16216.0,914.9300000000001,37
16809.0,914.69,149
15587.0,913.68,9
15364.0,913.19,29
14359.0,912.1800000000001,55
13192.0,911.94,63
14289.0,911.26,47
13689.0,910.0,6
13782.0,908.86,113
13038.0,908.46,28
17323.0,906.52,195
15480.0,905.5,45
15807.0,903.9,48
17848.0,901.2,51
16716.0,901.2,2
15511.0,900.53,158
12940.0,899.69,96
14625.0,899.63,53
15079.0,895.61,47
15865.0,895.13,40
15211.0,894.4100000000001,52
15066.0,893.59,42
12772.0,892.47,55
16361.0,891.21,104
13515.0,891.12,59
15255.0,890.85,47
14240.0,890.34,42
14344.0,889.9300000000001,71
17007.0,889.9300000000001,52
17829.0,889.24,30
17537.0,887.6700000000001,74
16900.0,887.11,79
14623.0,886.7,133
14449.0,885.8,250
15822.0,885.47,33
17704.0,885.19,31
15799.0,884.14,98
15907.0,882.72,226
18236.0,882.24,49
17109.0,881.29,116
13662.0,881.26,52
13037.0,881.07,48
15076.0,880.85,49
17027.0,877.5600000000001,148
15653.0,877.44,6
14770.0,876.4200000000001,52
15100.0,876.0,3
16513.0,874.59,35
16657.0,874.43,192
13294.0,873.74,54
15208.0,870.12,42
13200.0,870.09,46
13979.0,869.87,54
17566.0,869.77,142
12694.0,869.67,37
13203.0,869.46,57
17886.0,869.28,102
17649.0,868.49,52
14912.0,867.85,27
14715.0,867.38,71
16235.0,867.3100000000001,46
14597.0,866.24,47
16567.0,865.6,35
13846.0,865.0600000000001,55
12680.0,862.81,52
16266.0,861.89,61
16221.0,860.86,95
12794.0,860.41,45
13339.0,860.12,54
14577.0,859.71,123
14553.0,859.27,113
13566.0,856.84,169
16163.0,856.6,6
12693.0,855.91,39
17064.0,855.45,61
16037.0,855.02,39
12878.0,854.99,47
17560.0,854.95,27
16121.0,854.66,204
14193.0,853.39,42
13991.0,852.88,82
15022.0,852.39,121
12379.0,852.24,40
16070.0,852.15,33
16020.0,851.01,46
18096.0,849.06,196
12713.0,848.55,38
14657.0,848.22,126
16347.0,847.45,85
13221.0,847.41,66
16877.0,846.62,156
14803.0,845.5500000000001,44
12847.0,843.64,84
17624.0,843.48,50
17929.0,843.0,5
13929.0,842.65,9
16108.0,842.5,48
16560.0,841.41,57
14862.0,841.2,48
17076.0,841.0799999999999,25
14332.0,840.21,25
13940.0,839.14,49
17115.0,837.5,39
16554.0,837.1,52
15832.0,836.79,54
12728.0,836.33,46
16747.0,836.0600000000001,42
17169.0,835.78,54
13835.0,834.57,55
17075.0,834.12,77
16644.0,833.78,62
15862.0,832.88,147
14644.0,830.76,26
16924.0,829.89,81
13681.0,827.83,57
12461.0,826.88,35
12781.0,826.74,25
16494.0,826.53,50
12427.0,825.8000000000001,31
15164.0,824.58,101
16164.0,822.48,34
12778.0,822.23,50
13893.0,821.1,21
17921.0,820.23,142
17759.0,819.96,90
13220.0,819.2900000000001,21
16092.0,817.86,51
16869.0,817.12,127
16943.0,816.73,33
15649.0,816.0,2
15399.0,815.77,50
13811.0,814.5,13
18064.0,814.0,7
16600.0,813.52,62
16621.0,813.48,29
14421.0,813.11,27
16284.0,812.68,103
17980.0,811.45,30
16460.0,811.23,132
16276.0,810.6,6
16624.0,810.57,48
15965.0,808.87,111
14499.0,808.44,190
15533.0,807.57,83
12421.0,807.04,45
13707.0,806.41,48
12434.0,806.14,50
13637.0,804.3,99
18248.0,804.02,47
12422.0,803.5600000000001,39
15644.0,803.54,232
18265.0,801.51,46
17114.0,801.12,123
16367.0,800.67,127
15561.0,800.5899999999999,27
13720.0,799.9,43
17905.0,798.99,33
17703.0,798.74,55
13280.0,798.46,82
16438.0,798.35,132
13389.0,797.96,51
12701.0,797.71,53
13336.0,795.12,51
15831.0,794.64,66
15990.0,792.11,52
13167.0,791.33,65
14976.0,790.86,72
13016.0,789.89,47
16759.0,789.79,42
13329.0,789.0,17
14557.0,788.38,16
13323.0,787.85,21
13884.0,787.6,59
16546.0,787.15,25
13212.0,786.83,141
13109.0,786.54,47
12628.0,786.46,41
15806.0,784.58,31
18136.0,784.33,38
17180.0,783.97,125
16054.0,783.9,70
15952.0,781.91,84
17006.0,781.78,44
15679.0,781.28,110
13583.0,781.03,53
15239.0,780.59,49
17797.0,780.43,111
18228.0,779.9,30
12735.0,779.5699999999999,43
17411.0,778.94,41
13375.0,778.65,37
14815.0,778.5,53
17414.0,778.0,6
16505.0,777.6,4
13563.0,777.53,49
12425.0,777.2,36
15618.0,776.851,45
15743.0,775.96,86
13314.0,775.94,62
13341.0,775.85,42
16825.0,775.18,28
15414.0,774.9000000000001,39
16043.0,773.99,39
16222.0,773.55,122
15075.0,773.03,27
17764.0,772.55,71
17409.0,771.85,13
15353.0,770.12,61
14412.0,770.03,43
12965.0,769.8100000000001,108
16480.0,769.29,53
13356.0,768.24,42
14672.0,765.5500000000001,61
17695.0,765.34,35
14885.0,765.3199999999999,15
17516.0,764.88,135
17268.0,763.64,6
17466.0,763.28,41
16806.0,762.16,93
15599.0,761.74,52
14883.0,761.59,53
17425.0,759.1700000000001,43
16036.0,758.9200000000001,55
15568.0,758.29,53
16725.0,758.27,145
12413.0,758.1,38
16205.0,757.63,97
14550.0,757.37,47
16770.0,757.1,140
15223.0,755.75,20
13370.0,754.87,39
18104.0,754.64,38
14234.0,754.12,147
16470.0,752.77,164
13730.0,752.6,43
13030.0,752.44,92
16256.0,752.4300000000001,13
12908.0,750.0,2
17146.0,749.78,35
14923.0,749.1,44
15656.0,748.5,47
16859.0,747.81,52
14201.0,747.44,37
17387.0,746.81,76
14050.0,746.36,54
17034.0,745.52,30
13950.0,745.0600000000001,35
14790.0,745.06,46
13236.0,744.85,36
13354.0,743.53,51
16730.0,743.11,82
12374.0,742.9300000000001,33
16891.0,742.43,186
12465.0,742.19,47
14662.0,741.37,157
13753.0,741.26,35
13900.0,740.95,43
17692.0,740.94,46
15252.0,740.78,44
12603.0,739.1999999999999,3
14756.0,738.96,38
12976.0,738.6,22
17461.0,735.82,106
15074.0,735.67,41
15045.0,735.66,12
15215.0,734.94,35
15525.0,734.37,156
16146.0,734.13,29
17979.0,732.41,138
13575.0,732.07,46
16099.0,731.9,39
16491.0,731.5,39
14778.0,730.86,35
13736.0,729.8,190
12468.0,729.54,38
16261.0,728.54,119
17666.0,728.16,18
13077.0,728.02,111
13623.0,727.74,78
14055.0,725.6400000000001,10
16140.0,725.1800000000001,35
12723.0,725.07,69
15636.0,724.76,25
12475.0,723.38,36
17521.0,723.21,45
15272.0,721.94,63
14869.0,721.45,70
15584.0,720.86,122
18062.0,720.52,27
16023.0,719.81,101
15274.0,716.57,47
12535.0,716.35,34
15400.0,716.2,12
17029.0,716.0,2
17888.0,716.0,65
15330.0,714.9599999999999,13
15757.0,714.42,45
18035.0,713.89,49
12616.0,713.3,32
13169.0,712.88,13
13147.0,712.8,4
17761.0,712.78,19
13416.0,712.5,19
13587.0,712.4,8
17642.0,712.29,40
15855.0,712.24,80
13705.0,711.86,28
17179.0,711.79,80
13249.0,711.41,23
14867.0,710.28,36
16362.0,709.99,77
14127.0,709.71,44
16136.0,709.38,37
15951.0,708.22,41
16449.0,707.69,40
12453.0,707.09,43
16309.0,706.57,42
14126.0,706.1300000000001,15
16364.0,705.79,52
16882.0,705.12,39
16015.0,704.55,181
17934.0,704.25,21
12612.0,704.04,19
17974.0,703.99,165
12883.0,703.47,42
15103.0,703.36,35
16997.0,702.0,12
14179.0,701.57,157
14198.0,701.4,39
14356.0,701.23,33
13238.0,700.73,31
17734.0,700.63,43
17812.0,699.81,133
17423.0,698.41,26
14829.0,697.55,42
17472.0,697.54,174
15800.0,696.89,117
15700.0,696.68,86
14009.0,695.61,42
14959.0,695.42,59
17884.0,695.07,113
15304.0,694.4,23
12925.0,694.05,45
15053.0,693.95,69
14643.0,693.8100000000001,31
12410.0,693.33,26
13601.0,693.32,99
14111.0,692.85,10
17198.0,692.22,96
17733.0,692.19,35
14880.0,690.59,46
16212.0,690.34,41
17796.0,690.0,81
18085.0,689.95,29
13023.0,689.9,40
15181.0,689.48,16
17502.0,689.1,28
13799.0,688.86,39
16642.0,688.33,34
18196.0,686.63,139
12658.0,686.05,36
15038.0,685.74,125
16122.0,684.42,38
15669.0,684.34,33
17874.0,683.46,46
14222.0,683.17,41
15582.0,682.9100000000001,44
17341.0,682.29,157
18135.0,681.91,20
17397.0,681.41,89
12478.0,680.99,36
18082.0,680.84,70
13524.0,680.1800000000001,27
16872.0,680.02,7
15322.0,679.68,42
13430.0,679.45,49
14788.0,679.44,30
13925.0,678.25,41
13548.0,678.16,123
13388.0,677.1,35
13040.0,676.99,43
16377.0,676.2,5
15626.0,675.8,49
17462.0,675.69,27
15574.0,675.64,152
18156.0,675.64,122
12942.0,675.6,70
13607.0,675.51,97
13325.0,675.3,12
17994.0,674.89,79
13838.0,674.82,165
13355.0,674.7,32
13464.0,674.68,41
17749.0,674.52,35
13951.0,674.45,39
14504.0,673.26,107
13258.0,672.83,36
14628.0,671.96,24
12838.0,671.95,120
12638.0,671.69,39
12418.0,668.58,34
14342.0,668.5600000000001,21
13741.0,668.4300000000001,34
16268.0,667.65,45
15969.0,666.1,20
17105.0,665.78,90
13963.0,664.54,35
17883.0,664.34,142
16208.0,664.26,66
13596.0,664.11,146
15643.0,664.0,33
14720.0,663.81,37
13240.0,663.65,67
16573.0,663.61,42
16774.0,661.52,48
13028.0,661.3199999999999,45
14603.0,660.0,2
15492.0,659.46,35
13759.0,659.4100000000001,25
16357.0,658.88,34
14150.0,658.64,26
16696.0,657.9,10
14818.0,657.8,48
17459.0,657.3,111
15677.0,657.23,33
17321.0,657.16,99
16157.0,656.69,18
13049.0,656.6800000000001,14
16708.0,656.63,27
17299.0,656.61,55
16127.0,656.25,40
14894.0,655.75,23
14725.0,655.58,47
16444.0,654.67,84
14651.0,653.75,101
17398.0,653.38,38
18151.0,653.35,38
13496.0,653.33,35
18121.0,653.3000000000001,31
15205.0,653.24,37
15031.0,653.19,110
14548.0,652.8,4
17523.0,652.74,33
16056.0,650.75,66
15571.0,650.4300000000001,57
16969.0,650.41,42
17779.0,650.32,81
14034.0,648.89,86
16495.0,648.26,88
17777.0,647.56,190
17373.0,646.92,57
16014.0,646.83,138
16734.0,646.76,52
12589.0,646.68,35
14044.0,646.42,206
15651.0,646.3,32
14855.0,645.65,20
12719.0,644.95,39
17312.0,644.3,14
14451.0,643.9,105
16383.0,643.76,98
14020.0,642.8,39
13034.0,642.77,37
15384.0,642.41,41
17545.0,642.32,141
17046.0,642.02,22
15297.0,641.94,39
18218.0,641.92,20
12365.0,641.38,22
12624.0,641.13,38
13417.0,640.83,28
13318.0,640.76,20
12631.0,640.5,31
14301.0,640.14,13
15648.0,639.5,24
17515.0,639.02,87
18160.0,638.0600000000001,39
14754.0,638.05,41
14128.0,637.5,46
14481.0,636.51,30
14664.0,636.24,98
15829.0,636.14,51
15773.0,635.6800000000001,10
14000.0,635.66,15
16139.0,635.4100000000001,31
13892.0,632.97,27
14220.0,632.4000000000001,21
16306.0,632.27,41
18183.0,632.07,37
13822.0,632.0,96
14021.0,631.9,22
15244.0,631.57,34
17985.0,631.35,21
13539.0,631.34,37
16418.0,631.12,95
17990.0,630.84,29
13046.0,629.31,35
13525.0,628.78,6
14687.0,628.38,15
13518.0,627.16,36
15028.0,627.13,48
15402.0,626.77,42
14036.0,626.65,38
12577.0,626.6,146
13914.0,626.45,33
16469.0,625.42,171
16750.0,623.93,95
12649.0,623.51,31
15147.0,623.5,28
13368.0,623.4,29
16431.0,623.28,76
15258.0,623.16,34
17499.0,622.88,40
15182.0,622.85,29
17460.0,622.4300000000001,29
15768.0,621.83,27
18217.0,621.75,31
16915.0,621.6800000000001,57
17640.0,621.66,5
14152.0,621.29,49
13402.0,621.23,39
13546.0,621.09,97
16141.0,620.4,30
12667.0,620.13,33
13493.0,618.63,8
16613.0,618.59,30
13145.0,618.52,6
12596.0,618.27,27
16134.0,618.09,35
13301.0,618.09,81
14593.0,617.15,151
14377.0,617.05,11
16311.0,616.26,37
14905.0,616.15,17
14382.0,615.49,126
15275.0,615.14,41
16566.0,614.66,18
16116.0,612.78,34
18022.0,612.72,164
12513.0,612.29,35
18149.0,612.0799999999999,16
15232.0,612.06,31
15645.0,612.01,52
16109.0,611.88,18
16763.0,611.8499999999999,23
13731.0,610.59,38
12673.0,610.52,42
15795.0,610.01,42
14636.0,609.85,28
13357.0,609.4,89
16442.0,609.3,171
13933.0,608.79,23
12933.0,607.53,106
17119.0,606.91,35
16718.0,606.0500000000001,44
17849.0,605.8000000000001,26
14133.0,605.64,28
17507.0,605.58,88
13233.0,605.12,43
14323.0,605.0600000000001,36
17664.0,604.64,43
12944.0,604.51,30
16732.0,603.75,28
12707.0,603.42,33
16022.0,602.63,71
15366.0,602.51,44
12654.0,601.98,38
14609.0,601.56,4
16654.0,601.27,29
12420.0,600.39,29
18211.0,600.07,42
12872.0,599.97,66
12521.0,599.68,38
12556.0,599.56,119
14710.0,599.48,136
17420.0,598.83,30
15720.0,598.73,128
13311.0,598.57,26
16298.0,598.2,27
14108.0,597.91,34
14645.0,597.09,30
15381.0,596.85,8
14675.0,596.36,97
14467.0,596.26,89
18246.0,596.1,4
14965.0,596.09,81
13888.0,595.67,39
17658.0,595.42,19
14284.0,595.25,32
13558.0,594.52,169
16788.0,594.39,148
16325.0,594.24,18
13959.0,594.04,90
15442.0,594.0,2
12917.0,594.0,2
16535.0,593.75,31
18232.0,592.97,37
16203.0,592.9,35
14692.0,591.55,68
15573.0,591.1899999999999,97
13276.0,590.9300000000001,30
13452.0,590.0,2
13270.0,590.0,1
14882.0,589.7,11
16838.0,588.85,25
14338.0,588.22,31
15624.0,588.13,34
17351.0,587.15,27
17890.0,586.89,91
12384.0,585.27,27
13243.0,585.12,57
15222.0,585.0,5
16384.0,584.5,33
16072.0,584.3199999999999,23
14023.0,584.07,31
13557.0,584.0600000000001,34
15762.0,583.75,37
17014.0,583.4300000000001,72
12426.0,582.73,30
13427.0,582.6,29
12695.0,582.1,27
17259.0,581.23,116
18095.0,580.05,21
17142.0,579.0,15
13292.0,578.94,31
17540.0,578.9,25
16005.0,578.71,201
14529.0,578.61,213
12601.0,577.0600000000001,28
14176.0,576.9000000000001,31
16723.0,576.4,42
15830.0,576.0,39
15550.0,575.63,61
13487.0,575.4,34
14400.0,574.7,25
18123.0,574.4399999999999,34
15339.0,574.07,86
15303.0,574.02,31
12879.0,573.22,10
13379.0,572.56,97
13405.0,572.451,27
12816.0,572.2,29
13816.0,571.6700000000001,28
17616.0,571.1999999999999,3
15821.0,570.96,62
15315.0,570.5,37
13939.0,568.55,45
17360.0,568.24,125
13321.0,567.36,11
16667.0,567.1800000000001,52
18150.0,566.58,37
16278.0,566.38,23
16345.0,565.46,37
13894.0,564.62,27
15344.0,563.94,26
16933.0,563.23,44
14753.0,563.15,30
17970.0,562.79,29
14167.0,562.59,50
12414.0,562.4100000000001,18
16916.0,562.41,136
12559.0,561.71,21
13946.0,561.57,11
15655.0,560.6700000000001,34
13044.0,560.47,33
14273.0,559.97,29
16275.0,559.87,33
15415.0,559.61,47
16906.0,559.59,86
12866.0,559.12,26
17503.0,558.96,38
12987.0,558.7,28
13800.0,558.32,33
14592.0,557.94,158
13260.0,557.62,8
17955.0,557.3,19
16385.0,554.86,57
17864.0,554.85,90
14891.0,554.38,33
14618.0,553.44,16
15068.0,553.36,104
12363.0,552.0,23
17674.0,551.04,27
17291.0,550.8000000000001,1
17235.0,550.0600000000001,29
17265.0,550.01,122
12390.0,549.84,32
14177.0,549.46,41
16536.0,548.12,54
16031.0,547.9,98
14474.0,547.66,29
16811.0,547.07,28
17637.0,547.0600000000001,35
16211.0,547.02,23
17295.0,547.0,68
17520.0,546.81,30
14805.0,546.4,46
14997.0,546.1999999999999,26
17806.0,546.04,43
12793.0,545.48,24
16475.0,544.3,28
13617.0,544.18,44
13390.0,544.08,13
16927.0,543.05,6
13278.0,542.73,46
16230.0,542.03,35
17897.0,541.81,108
17447.0,541.53,36
17557.0,541.46,34
13874.0,540.45,18
12743.0,540.13,131
13812.0,539.0,36
14496.0,538.8100000000001,19
15469.0,538.55,24
15539.0,538.46,41
14539.0,537.48,32
16206.0,537.0600000000001,63
15043.0,537.0,3
16804.0,536.99,60
16233.0,536.6800000000001,22
16142.0,535.34,37
13000.0,534.85,31
13385.0,534.57,35
16340.0,534.31,141
13434.0,534.24,10
17443.0,534.24,1
13217.0,533.98,4
17062.0,533.33,69
15433.0,533.3,41
15825.0,532.94,20
12784.0,532.82,57
16706.0,531.35,123
14265.0,530.18,31
18159.0,530.15,23
14002.0,529.73,47
14463.0,529.62,6
16185.0,529.41,31
18043.0,529.29,115
15452.0,528.48,56
17631.0,528.33,39
16602.0,528.08,29
15756.0,528.01,191
12479.0,527.2,31
17623.0,527.05,33
15919.0,525.69,122
17429.0,524.9200000000001,39
15467.0,524.88,52
13721.0,524.14,28
17329.0,523.11,33
18017.0,523.0,3
17712.0,522.91,29
12863.0,521.2,5
15149.0,520.8000000000001,23
17345.0,519.6899999999999,83
14873.0,519.68,28
12571.0,519.61,34
13643.0,519.44,28
16955.0,518.67,25
16650.0,518.42,24
15030.0,518.28,7
18252.0,518.27,94
16892.0,518.19,97
16135.0,517.55,21
17454.0,517.53,61
18205.0,517.36,32
13043.0,516.42,13
15882.0,516.36,23
15809.0,515.77,35
12811.0,514.85,31
15246.0,514.15,33
13005.0,513.7,26
17513.0,513.2,6
17290.0,513.01,96
17805.0,512.31,10
17480.0,511.82,29
15891.0,511.68,60
12582.0,511.36,22
14851.0,511.35,28
16561.0,511.12,31
15406.0,510.71000000000004,53
12436.0,509.01,16
17391.0,508.8,3
15417.0,508.8,28
14317.0,508.58,24
17958.0,508.46000000000004,7
17415.0,507.84,14
14158.0,507.65999999999997,41
14820.0,507.29,29
16960.0,507.05,101
13885.0,506.8,28
16614.0,506.19,26
12988.0,505.82,83
14014.0,505.18,39
15081.0,504.8,33
12991.0,503.76,31
17630.0,503.6,26
15535.0,502.9,72
16863.0,502.8,26
13865.0,501.56,30
15881.0,501.39,29
14871.0,501.28000000000003,93
13116.0,501.14,30
13247.0,501.12,25
16898.0,501.03000000000003,157
16616.0,500.42,33
15389.0,500.0,1
14077.0,499.42,42
15193.0,499.32,19
14681.0,498.95,7
16488.0,498.8,29
15142.0,498.74,26
17053.0,498.48,13
17298.0,498.42,30
16820.0,497.61,26
17495.0,497.56,27
15300.0,496.44,28
15018.0,496.21,31
12904.0,496.06,71
17374.0,495.77,28
15448.0,494.64,28
16352.0,494.44,28
17333.0,494.25,28
12763.0,494.08,18
14270.0,492.65000000000003,29
13732.0,491.86,33
14236.0,490.86,15
15000.0,490.52,77
15877.0,490.33,126
14416.0,490.22,14
18074.0,489.6,13
12809.0,489.31,25
17361.0,488.2,29
14396.0,487.99,73
15165.0,487.75,27
16643.0,487.51,27
13338.0,487.02,19
13675.0,486.82000000000005,25
17453.0,486.72,19
15287.0,486.69,20
13153.0,486.22,15
12639.0,486.1,22
15109.0,484.95,28
16999.0,484.82,23
16518.0,484.32,40
13531.0,483.8,22
14958.0,483.73,41
12808.0,483.65000000000003,28
14147.0,483.4,5
14450.0,483.25,40
16603.0,482.47,34
17950.0,482.2,71
12504.0,482.04999999999995,9
18216.0,481.75,26
13176.0,481.49,67
14130.0,480.91,66
15091.0,480.71,30
15006.0,480.38,132
17555.0,480.31,105
16368.0,479.91,69
16812.0,479.35,15
16008.0,478.78,33
15589.0,478.53,29
16768.0,478.09000000000003,54
12644.0,477.90999999999997,31
16693.0,477.86,59
13092.0,477.83,25
14320.0,477.79,31
12447.0,476.49,26
18176.0,476.35,30
15507.0,475.86,45
14853.0,475.8,9
14497.0,475.37,29
15780.0,475.28000000000003,29
14013.0,473.02,34
16038.0,471.78,26
15721.0,471.40000000000003,84
13066.0,470.8,48
15963.0,470.76,28
14431.0,470.36,17
15026.0,469.0,61
15557.0,468.91,19
14896.0,468.77000000000004,43
13171.0,468.41,46
14029.0,467.66,15
15468.0,467.51,24
13579.0,467.04,23
16374.0,466.73,109
14205.0,466.7,24
16504.0,465.88,83
13248.0,465.68,26
16742.0,464.9,1
13928.0,464.57,27
16586.0,463.95,8
15349.0,463.91,71
14967.0,463.8,6
12787.0,463.66,20
17418.0,463.46000000000004,30
14489.0,463.38,30
17964.0,463.21,98
12945.0,462.95,23
14331.0,462.66,28
14470.0,461.19,43
16824.0,460.64,26
16805.0,460.59000000000003,98
12491.0,460.40000000000003,26
12355.0,459.40000000000003,13
16589.0,459.24,33
17880.0,458.92,26
15754.0,458.57,28
13506.0,458.52,26
15092.0,457.81,26
15121.0,457.72,28
12375.0,457.5,17
13398.0,457.34000000000003,26
12564.0,456.90000000000003,21
12999.0,455.88,28
14513.0,455.59000000000003,12
15585.0,455.3,31
16529.0,455.25,30
14335.0,454.86,60
15471.0,454.48,73
13485.0,454.24,23
17140.0,454.12,18
15475.0,454.11,29
17564.0,454.01,49
18158.0,453.4,34
12729.0,453.01,26
18071.0,453.0,25
14184.0,452.89,24
12591.0,452.84999999999997,26
16574.0,451.44,28
15802.0,451.42,1
14173.0,450.84,29
16885.0,450.41,96
17040.0,449.73,15
13489.0,449.52,14
12448.0,449.45,22
15739.0,449.12,8
17579.0,448.90000000000003,50
14780.0,447.68,27
15646.0,447.64000000000004,35
15368.0,446.94000000000005,4
14149.0,446.62,28
17370.0,446.18,33
17190.0,444.74,19
18006.0,444.68,22
14638.0,443.6,16
16404.0,443.05,23
18222.0,443.0,19
12579.0,440.42,29
18233.0,440.0,1
14022.0,440.0,28
15524.0,440.0,1
13954.0,439.92,25
12391.0,439.66,93
16025.0,439.65999999999997,28
13359.0,439.56,23
16968.0,439.43,31
13358.0,439.03000000000003,29
14272.0,437.96,33
12552.0,437.82,20
16034.0,437.70000000000005,22
12592.0,437.6,18
16084.0,436.18,38
15551.0,436.06,29
16948.0,435.02,19
15456.0,434.59,58
14910.0,434.35,30
14460.0,434.34,16
14093.0,433.86,100
12493.0,433.74,22
17035.0,433.53000000000003,28
16236.0,432.2,20
16881.0,432.0,1
12452.0,430.57000000000005,22
13245.0,430.5,16
12795.0,430.48,14
12827.0,430.15,25
16884.0,429.84,26
15450.0,429.84,30
15230.0,429.6,23
15036.0,429.56,119
15553.0,428.93,55
15957.0,428.89,42
13602.0,428.89,23
17869.0,428.18,40
15360.0,427.93,13
12725.0,427.8,24
12403.0,427.7,5
15976.0,427.64,96
12740.0,427.6,27
12802.0,427.58,25
15930.0,426.63,21
14288.0,426.6,16
15639.0,425.32,25
14157.0,424.89000000000004,46
16119.0,423.36,16
17525.0,422.7,9
13473.0,422.64,21
16689.0,422.6,13
18240.0,422.58,6
13140.0,422.47,45
16780.0,422.24,59
18106.0,421.9,37
14757.0,420.5,19
15206.0,420.3,9
15889.0,420.07,85
14124.0,419.58,5
15361.0,418.92,7
18034.0,418.68,110
17371.0,418.4,86
12593.0,418.1,21
17701.0,417.95,24
17232.0,417.77,35
13615.0,417.69,23
16737.0,417.6,1
12833.0,417.38,24
17392.0,417.27,56
13166.0,417.2,41
16816.0,417.06,28
13889.0,416.90000000000003,15
17223.0,416.89,48
15935.0,416.86,12
16957.0,416.64,16
13085.0,416.08,22
15803.0,415.82000000000005,8
14139.0,415.82,26
12930.0,415.8,25
12580.0,415.7,24
15725.0,415.25,32
14333.0,415.2,15
18001.0,415.13,57
16795.0,414.88,66
14998.0,414.87,74
12993.0,414.76,27
15994.0,414.27,32
16239.0,414.2,19
17483.0,414.04,21
13974.0,413.59000000000003,28
16834.0,413.46,24
17134.0,413.2,23
14620.0,412.78000000000003,26
15523.0,412.01000000000005,10
16272.0,411.7,25
15186.0,411.41,19
15099.0,410.48,23
15695.0,409.98,22
14048.0,409.93,85
13827.0,409.8,92
14348.0,409.57,18
12990.0,409.5,13
15225.0,409.40000000000003,23
16243.0,409.1,51
16018.0,408.9,28
15269.0,408.8,2
17913.0,408.65,58
16629.0,408.63,60
16324.0,408.59000000000003,111
17931.0,408.36,65
16399.0,408.02,72
15127.0,406.53000000000003,16
16947.0,406.48,21
15342.0,406.09000000000003,24
14616.0,406.08000000000004,3
12970.0,405.47,129
12922.0,405.38,28
15012.0,405.04,122
15938.0,404.58000000000004,18
16319.0,404.40000000000003,3
16484.0,404.3,25
12498.0,403.70000000000005,23
17431.0,403.3,43
15221.0,403.25,5
18036.0,403.12,94
15184.0,402.2,62
12386.0,401.9,10
15158.0,401.40000000000003,7
16500.0,400.86,11
16198.0,400.68100000000004,15
12792.0,400.54,25
17375.0,400.1,69
18164.0,399.65,24
13255.0,399.51,13
18154.0,399.19,21
17052.0,399.09,83
17830.0,398.7,23
15522.0,397.99,56
13352.0,397.98,24
12508.0,397.88,68
15967.0,397.68,80
15429.0,397.35,82
17926.0,397.29,21
12824.0,397.12,25
13594.0,396.97,26
17486.0,396.87,24
15883.0,396.48,49
18067.0,396.33,37
16354.0,395.8,39
17603.0,394.72,11
14619.0,394.44,20
16207.0,394.38,19
15386.0,394.14,31
15264.0,393.74,23
15345.0,393.54,20
17226.0,393.49,21
14600.0,393.33000000000004,25
14670.0,392.86,123
16010.0,392.4,79
15837.0,391.98,24
16917.0,391.52,9
12982.0,390.54,28
18024.0,389.78,21
17379.0,389.71999999999997,78
14752.0,389.64000000000004,5
13873.0,389.6,23
13345.0,389.5,20
16250.0,389.44,24
15847.0,389.27,22
12690.0,389.01,16
15592.0,388.58,24
13899.0,388.52,19
13856.0,388.5,14
17438.0,388.45000000000005,17
14538.0,388.25,19
17817.0,387.68,33
14420.0,387.52,29
13673.0,387.44,60
17508.0,387.31,22
17595.0,386.69,82
14114.0,386.53,15
15664.0,386.43,17
17614.0,386.32,98
14779.0,386.15,41
13821.0,385.64,59
17711.0,385.1,23
13919.0,384.81,28
17357.0,384.39,44
16204.0,384.18,50
17205.0,384.08,13
16982.0,384.06,22
12733.0,383.95,22
13833.0,383.85,28
17189.0,383.75,60
12515.0,383.7,16
15440.0,383.68,62
14304.0,383.45,17
15424.0,383.34,17
12832.0,383.03000000000003,27
13817.0,382.98,24
17239.0,382.5,15
13657.0,382.14,16
17250.0,381.97,56
15090.0,381.32,23
16441.0,381.2,24
15048.0,381.0,94
12871.0,380.64,11
17573.0,380.6,25
17138.0,380.5,24
17999.0,380.39,91
17031.0,380.35,22
17936.0,380.13,72
14731.0,380.02,45
16552.0,379.73,17
13656.0,379.65,49
13589.0,379.65,21
17878.0,379.45,26
15885.0,379.35,18
16909.0,379.14,18
16930.0,378.89,53
13372.0,378.64,23
17078.0,378.2,28
17736.0,377.44,25
12890.0,376.71999999999997,79
17489.0,376.64,29
13936.0,376.58,26
16858.0,375.69000000000005,10
14448.0,375.35,20
14079.0,375.1,12
16147.0,375.0,22
14067.0,374.7,52
17492.0,374.57,12
12873.0,374.0,4
13351.0,373.94,16
16321.0,373.65000000000003,12
12895.0,372.8,22
12544.0,372.7,19
12981.0,372.21999999999997,20
13300.0,371.89,20
18155.0,371.62,25
15472.0,371.56,76
16776.0,371.54,71
14950.0,371.2,19
15975.0,371.01,24
15063.0,370.79999999999995,5
15922.0,369.5,11
16758.0,369.34000000000003,22
14888.0,369.2,20
17765.0,367.63,56
16065.0,367.14,73
18181.0,366.85,41
17911.0,366.23,39
17432.0,365.76,48
16499.0,365.45,19
16202.0,365.27,18
14886.0,364.8,18
15949.0,364.72,19
12373.0,364.6,14
15343.0,364.5,21
14528.0,364.21999999999997,18
12538.0,363.95,21
17330.0,363.9,6
14171.0,363.79,58
16509.0,363.70000000000005,13
18056.0,363.65,19
12915.0,363.65,22
16485.0,363.65,42
14932.0,363.53,17
14427.0,363.34000000000003,17
14594.0,363.33,52
16903.0,363.2,56
16378.0,362.95,23
16052.0,362.06,34
15025.0,361.96,67
13844.0,361.62,20
16769.0,361.54,38
16305.0,361.22,22
13291.0,361.11,42
17358.0,360.81,58
16595.0,360.16,85
13780.0,360.01,57
13298.0,360.0,2
15120.0,358.82,21
17948.0,358.56000000000006,1
16823.0,358.38,38
13228.0,358.0,2
13976.0,357.98,10
17025.0,357.77,9
16971.0,357.21,41
18040.0,357.20000000000005,19
13453.0,356.98,17
14500.0,356.85,7
15713.0,356.7,19
15247.0,356.0,6
16372.0,355.73,92
15840.0,355.56,27
14537.0,355.56,10
17742.0,355.11,15
14690.0,355.05,48
12888.0,354.12,5
12845.0,354.09000000000003,27
13173.0,353.65000000000003,43
13210.0,353.48,22
13343.0,353.43,19
14804.0,353.27,12
12617.0,352.98,41
15678.0,352.7,12
18112.0,352.69,26
16274.0,351.75,65
15901.0,351.73,111
12566.0,351.65,19
15870.0,351.44,74
15789.0,351.3,25
13923.0,351.13,20
13332.0,350.90000000000003,21
15334.0,350.82,98
13740.0,350.75,23
13108.0,350.06,10
12532.0,349.83000000000004,16
13670.0,349.7,25
13887.0,349.55,19
18250.0,349.27,21
15405.0,349.1,8
13927.0,348.99,21
17252.0,348.90999999999997,86
13790.0,348.79999999999995,45
12527.0,348.71000000000004,18
16159.0,348.2,14
13052.0,348.15000000000003,18
14379.0,348.1,46
13497.0,348.05,19
17668.0,347.75,15
18127.0,347.08,46
13062.0,346.98,11
13649.0,346.6,23
16423.0,346.12,18
13091.0,345.82,21
15781.0,345.46000000000004,20
17123.0,345.3,9
13774.0,345.0,22
14633.0,344.90000000000003,20
16978.0,344.33,39
17569.0,344.14,29
13068.0,344.0,2
15047.0,343.62,22
15520.0,343.5,18
18081.0,343.45,17
12715.0,343.36,20
12875.0,343.2300000000001,2
17795.0,342.83,45
16851.0,342.45,20
17835.0,342.24,59
16826.0,341.7,22
13347.0,341.36,8
14491.0,340.93,17
15115.0,340.11,21
13737.0,339.6,30
17045.0,339.44,22
16545.0,339.3,3
17697.0,338.95,19
16183.0,338.71000000000004,15
13569.0,338.62,79
15652.0,337.74,21
15942.0,337.44,14
13930.0,337.34,17
15900.0,337.28000000000003,47
17973.0,337.04,15
16105.0,336.96,13
15619.0,336.4,3
17384.0,336.4,15
18078.0,336.13,29
18276.0,335.86,14
14196.0,335.52,6
16063.0,335.32,23
17917.0,335.03,92
12489.0,334.93,15
14988.0,334.54,40
15466.0,334.53,57
17221.0,334.48,62
12350.0,334.40000000000003,17
15918.0,334.23,40
14264.0,333.97,17
13216.0,333.74,5
13727.0,333.48,20
16625.0,333.08,23
14902.0,332.66,20
13904.0,332.64,26
16850.0,332.41,19
16803.0,332.3,24
16177.0,331.95,15
16030.0,331.24,29
15210.0,331.18,20
12891.0,331.0,3
16478.0,331.0,17
17862.0,330.9,11
12519.0,330.84000000000003,17
13706.0,330.79,20
14517.0,330.45,18
15130.0,330.11,22
15714.0,330.03000000000003,34
16593.0,330.03,27
12953.0,329.85,17
17866.0,329.65000000000003,9
17615.0,329.6,14
13239.0,329.56,22
17914.0,329.36,75
17154.0,329.34,23
15153.0,329.25,22
15880.0,329.03,96
14012.0,328.8,11
17222.0,328.65,27
16343.0,328.58,43
16855.0,328.40000000000003,19
15213.0,328.35,24
14747.0,328.2,18
14206.0,328.15999999999997,20
16318.0,328.15000000000003,19
15314.0,327.97,24
14024.0,327.7,16
15579.0,327.6,48
16366.0,327.3,18
14870.0,327.25,13
16322.0,326.75,37
17715.0,326.4,1
14987.0,326.4,4
16071.0,326.24,21
15363.0,326.0,16
12844.0,325.96000000000004,52
16830.0,325.91,23
14850.0,325.75,21
15944.0,325.1,6
12790.0,324.92,21
13801.0,324.8,23
15597.0,324.57,22
16685.0,324.24,62
18261.0,324.24,21
15675.0,323.69,21
15921.0,323.03000000000003,24
16739.0,323.0,13
13955.0,322.96,33
16627.0,322.8,20
16342.0,322.41,15
14424.0,322.08,1
15224.0,322.08,14
14484.0,321.92,14
17976.0,321.79,57
14823.0,321.43,70
15236.0,321.05,15
16096.0,320.62,12
14622.0,320.58000000000004,21
13986.0,320.46,13
15107.0,319.5,17
16967.0,319.02,21
17157.0,319.0,13
17229.0,318.76,47
17248.0,318.65,69
14703.0,318.17,22
17839.0,318.15,52
12648.0,318.05,21
18066.0,318.0,10
17172.0,317.76,15
15101.0,317.53000000000003,8
17267.0,317.2,37
15257.0,317.15,7
15385.0,316.88,12
15243.0,316.68,22
16761.0,316.62,13
15204.0,316.58,9
17458.0,316.5,54
13494.0,316.26000000000005,18
15872.0,316.25,108
14479.0,316.25,18
16473.0,316.11,18
18117.0,315.65,72
12614.0,315.6,20
15766.0,315.06,11
16091.0,315.06,18
17237.0,314.69,19
16193.0,314.45,19
12650.0,314.44,20
16227.0,314.22,6
15970.0,314.09999999999997,11
13484.0,313.8,8
16582.0,313.62,6
14729.0,313.49,71
13845.0,312.98,9
15318.0,312.62,33
14555.0,312.54,19
12834.0,312.38,18
13642.0,312.28,57
17362.0,312.23,35
12785.0,311.95,14
16450.0,311.92,11
14142.0,311.81,22
15326.0,311.71,29
14951.0,311.69,20
14327.0,311.65000000000003,12
12852.0,311.55,17
13990.0,311.3,16
17854.0,311.26,15
16781.0,311.25,17
13897.0,311.16,17
15185.0,310.62,21
15308.0,310.47,19
14311.0,310.26,20
17912.0,310.06,37
14924.0,310.05,10
15661.0,309.8,5
15699.0,309.65,18
16810.0,309.54,15
14339.0,309.52000000000004,14
14847.0,309.40000000000003,13
17604.0,309.36,63
12884.0,309.05,7
13787.0,309.04,31
15010.0,308.94,20
16956.0,308.74,16
13699.0,308.58000000000004,14
17510.0,308.48,20
13369.0,308.28000000000003,14
13466.0,307.90000000000003,17
15973.0,307.82000000000005,4
16123.0,307.78000000000003,16
13529.0,307.76,15
13395.0,307.72,21
13060.0,307.53000000000003,15
14716.0,307.51,51
14915.0,307.48,12
17120.0,307.46,18
13932.0,307.4,16
13142.0,307.09000000000003,23
17334.0,307.02000000000004,11
15087.0,306.94,15
13762.0,306.72,7
16668.0,306.72,20
13718.0,306.55,12
18059.0,306.46,19
15659.0,306.45,11
17176.0,306.13,15
13863.0,305.78,20
15219.0,305.75,9
16796.0,305.62,18
16181.0,305.54,11
13045.0,305.28000000000003,18
18220.0,305.28,2
12623.0,305.1,18
17941.0,304.56,2
15163.0,304.47,29
16217.0,304.25,15
18185.0,304.25,17
16674.0,304.24,93
17070.0,304.24,62
17732.0,303.97,18
16400.0,303.93,29
13083.0,303.75,18
17433.0,303.16,54
16425.0,302.7,21
14248.0,302.58,8
16386.0,302.57,81
18165.0,302.46,10
16292.0,302.25,17
17506.0,302.2,14
15054.0,302.1,114
17094.0,302.0,14
16297.0,301.9,20
16715.0,301.71999999999997,19
15667.0,301.32000000000005,13
15148.0,301.29,20
15623.0,301.03000000000003,19
13479.0,300.95,15
17978.0,300.91999999999996,12
16430.0,300.85,6
16479.0,300.83,35
14762.0,300.52,21
13304.0,300.42,21
15254.0,300.36,18
17793.0,300.34,52
13745.0,300.04,25
18053.0,300.02,20
18215.0,299.34000000000003,13
13667.0,299.05,83
15609.0,298.48,16
17824.0,298.4,13
16104.0,298.21,28
17678.0,298.11,16
12881.0,298.0,7
15857.0,297.0,14
17531.0,296.7,14
13441.0,296.64,13
17266.0,296.58,73
13751.0,296.25,9
13504.0,295.93,22
16998.0,295.0,4
14954.0,294.85,77
15060.0,294.25,115
17124.0,294.24,31
15732.0,294.12,14
16402.0,293.45,57
17163.0,293.1,5
12829.0,293.0,11
16721.0,292.47,37
14985.0,292.01,83
13502.0,292.0,18
13449.0,291.88,19
17255.0,291.48,74
14656.0,291.05,80
14947.0,290.82,14
16648.0,290.66,19
15279.0,290.51,19
17691.0,290.40000000000003,19
16526.0,290.36,15
17551.0,290.34,39
13573.0,290.25,25
14784.0,289.99,15
17464.0,289.96000000000004,9
17201.0,289.78000000000003,38
16897.0,289.78,37
14162.0,289.36,25
16125.0,289.35,13
14549.0,289.24,56
15545.0,288.96999999999997,80
17081.0,288.91,63
17501.0,288.6,18
16808.0,288.42,23
15396.0,288.18,14
17977.0,288.14,21
17080.0,287.62,8
17760.0,287.59,25
16432.0,287.40000000000003,8
13760.0,286.79,57
16555.0,285.89,17
14660.0,285.74,30
14953.0,285.67,54
17636.0,285.56,20
13708.0,285.33,49
16429.0,284.55,2
18190.0,284.46000000000004,15
13121.0,283.73,50
13439.0,283.71,54
12703.0,283.55,21
17783.0,283.47,67
13259.0,283.18,81
18270.0,283.15000000000003,11
17694.0,283.12,15
14350.0,282.93,18
13754.0,282.6,12
13177.0,282.45,17
16557.0,281.85,11
16848.0,281.42,14
14242.0,280.55,16
16149.0,280.52,18
17247.0,280.09000000000003,54
14975.0,279.94,11
15556.0,279.77,31
14480.0,279.05,13
14764.0,278.3,6
14908.0,277.8,9
13803.0,277.07,17
15355.0,277.05,14
13606.0,276.75,40
13272.0,276.56,15
13544.0,276.06,78
12750.0,275.88,15
14512.0,275.28,23
16313.0,274.15000000000003,16
16883.0,272.48,37
17498.0,272.21999999999997,17
14819.0,272.07,13
13917.0,272.04,18
14816.0,271.85,4
13058.0,271.40000000000003,8
17767.0,271.2,21
17254.0,271.19,111
17496.0,271.05,10
18108.0,271.0,17
17011.0,270.9,15
15774.0,270.8,25
14520.0,270.6,4
13242.0,270.40000000000003,13
12558.0,269.96,11
17251.0,269.83,37
13533.0,269.09,75
14727.0,268.58,10
14508.0,268.05,55
15408.0,267.18,34
17550.0,267.16,42
15320.0,267.13,36
15517.0,267.03,27
16451.0,266.97,14
17786.0,266.85,68
14863.0,266.76,11
13837.0,266.59000000000003,18
15119.0,266.4,14
12962.0,266.39,16
14068.0,265.85,24
17430.0,265.76,14
14423.0,265.2,3
17968.0,265.1,81
13973.0,264.7,11
15912.0,264.62,19
17403.0,263.92,32
17708.0,263.33,34
12492.0,263.21000000000004,20
17194.0,262.62,29
16413.0,262.2,31
16936.0,261.9,56
13189.0,260.68,29
14053.0,260.25,4
15143.0,259.45,14
13127.0,259.17,15
14452.0,259.05,60
15577.0,258.88,39
13277.0,258.4,8
15894.0,258.25,37
13227.0,257.7,9
15014.0,257.67,33
13626.0,257.23,19
16048.0,256.44,8
12430.0,256.4,11
13806.0,256.38,10
17896.0,256.32,2
16727.0,256.32,44
17385.0,256.11,45
16447.0,255.91,34
14761.0,255.9,11
15277.0,255.89999999999998,12
14881.0,255.4,17
16226.0,255.12,8
15261.0,254.82,19
15154.0,254.28,71
12604.0,254.18,16
14765.0,254.11,39
15689.0,254.1,9
12797.0,254.03,13
15759.0,253.04000000000002,7
15019.0,252.81,66
15035.0,252.73000000000002,27
13404.0,252.49,11
15346.0,252.42000000000002,17
13645.0,252.1,5
13711.0,252.06,13
16330.0,251.91,39
16836.0,251.87,11
17155.0,251.7,20
16976.0,251.51999999999998,2
13512.0,251.21,15
14501.0,251.21,10
16024.0,251.03,63
13207.0,250.26000000000002,8
16596.0,250.15,12
17303.0,250.04,53
15510.0,250.0,1
17456.0,249.86,17
16124.0,249.0,11
13061.0,248.61,10
16510.0,248.1,13
15097.0,248.08,25
13592.0,247.95999999999998,16
18072.0,247.44,18
18009.0,247.39,31
13349.0,247.32,16
14658.0,247.15,29
15783.0,246.3,14
17278.0,246.04000000000002,15
16778.0,245.94,16
17771.0,245.81,54
12660.0,245.10000000000002,13
15118.0,244.8,1
16528.0,244.41,17
17892.0,244.1,28
17925.0,244.08,1
13103.0,243.94,8
16793.0,243.84,16
18193.0,243.76,16
13886.0,243.56,16
15634.0,243.55,15
17339.0,243.36,9
16601.0,242.7,30
16215.0,242.35,14
15776.0,241.62,18
14523.0,241.09,12
16427.0,241.06,9
17051.0,240.89,42
15598.0,240.68,14
15286.0,240.55,3
13565.0,240.22,38
17256.0,240.0,16
17181.0,239.92000000000002,23
15690.0,239.76,19
13570.0,239.49,27
17684.0,239.41,15
16756.0,239.4,13
12561.0,238.85,16
12718.0,238.25,19
17877.0,237.61,12
14586.0,237.35999999999999,19
15457.0,237.07,58
12732.0,236.26000000000002,12
16026.0,236.09,32
14647.0,236.04000000000002,28
13187.0,236.02,37
14375.0,235.56,66
15850.0,234.88,93
15462.0,234.6,11
14473.0,234.34,7
17060.0,234.24,5
16961.0,234.17000000000002,14
12736.0,234.0,4
13348.0,233.76000000000002,14
16583.0,233.45,14
16302.0,233.22,11
13678.0,232.6,16
18213.0,232.48000000000002,15
16117.0,232.21,30
17908.0,232.03,54
14995.0,231.98000000000002,60
15393.0,231.86,12
17111.0,231.61,29
16641.0,231.1,12
18030.0,230.64999999999998,9
16445.0,230.51,63
17125.0,230.5,35
13786.0,230.4,7
16926.0,230.25,14
13960.0,230.22,12
12812.0,229.64000000000001,15
13008.0,229.47,14
15528.0,229.33,26
14793.0,228.99,14
17347.0,228.96,1
13146.0,228.91,17
13712.0,228.84,10
13070.0,228.8,9
17969.0,228.2,14
16527.0,228.06,14
14569.0,227.39,12
17212.0,226.85,4
13474.0,226.84,62
17572.0,226.75000000000003,12
18005.0,226.47,53
17860.0,226.45000000000002,52
16315.0,226.37,14
16619.0,226.21,14
17789.0,225.9,14
12672.0,225.9,10
14624.0,225.85,13
12402.0,225.60000000000002,11
16690.0,225.58,12
14052.0,225.35999999999999,56
15483.0,225.26,84
16587.0,225.15,13
14357.0,225.12,40
17171.0,224.91,16
15175.0,224.14,23
16471.0,223.95000000000002,13
16753.0,223.92000000000002,34
14929.0,223.88,11
13926.0,223.85000000000002,11
17534.0,223.36,9
15637.0,223.36,15
13382.0,222.99,15
16777.0,222.62,48
18101.0,222.4,40
14598.0,221.97,50
14960.0,221.27,27
13419.0,221.06,16
16482.0,220.62,18
13079.0,220.10000000000002,6
18114.0,220.1,28
13600.0,219.52,19
15096.0,219.39000000000001,11
12702.0,219.0,12
15790.0,218.75,34
13669.0,218.55,9
12574.0,218.45000000000002,11
15724.0,218.25,11
14570.0,218.06,29
16634.0,217.9,9
16392.0,217.89000000000001,43
15554.0,217.2,14
16080.0,217.16,10
13739.0,216.9,3
13503.0,216.85,17
12897.0,216.5,4
15604.0,216.39000000000001,17
17436.0,216.3,9
14104.0,216.21,21
13858.0,216.17000000000002,11
18212.0,216.07,34
16179.0,215.83,11
17580.0,215.72,45
16189.0,215.48,11
16190.0,215.08,6
16519.0,215.07999999999998,13
12831.0,215.05,9
12588.0,214.89999999999998,10
16338.0,214.8,11
17619.0,214.37,74
16846.0,214.32,11
15460.0,214.26,56
16647.0,214.06,14
14601.0,213.96,7
13621.0,213.85,19
17153.0,213.78,14
14241.0,213.70000000000002,10
13411.0,213.55,18
16591.0,213.5,10
15540.0,213.3,15
17928.0,212.54,23
15866.0,211.89,43
16017.0,211.88,32
16356.0,211.77,31
16411.0,211.7,44
15703.0,211.5,5
13271.0,211.49,87
12995.0,211.32,3
13532.0,210.31,66
13828.0,209.49,15
17855.0,208.97,17
15327.0,208.75,10
17514.0,208.65,40
15897.0,208.59,22
16457.0,208.36,9
18191.0,207.8,7
12547.0,207.8,8
16866.0,207.74,11
15052.0,207.73000000000002,28
17923.0,207.50000000000003,1
16323.0,207.50000000000003,1
16752.0,207.5,9
13099.0,207.36,1
15925.0,207.15,12
15820.0,206.98,17
17166.0,206.34,12
14964.0,206.21,13
13065.0,205.86,14
17670.0,205.7,11
17843.0,205.48,37
15307.0,205.3,12
15758.0,205.25,9
13513.0,205.1,10
15319.0,204.5,16
17206.0,204.24,7
18273.0,204.0,3
13017.0,204.0,1
17187.0,203.95,10
17394.0,203.86999999999998,4
17891.0,203.85999999999999,34
17376.0,203.2,24
14381.0,202.68,56
18169.0,202.65,9
14984.0,202.37,39
16895.0,202.27,62
14385.0,202.10999999999999,14
13428.0,201.78,71
15347.0,201.60000000000002,5
17889.0,201.37,20
13295.0,201.20000000000002,10
16965.0,201.19,26
13284.0,201.19,13
13859.0,201.16,28
17988.0,201.12,38
18126.0,200.92,52
17693.0,200.47,16
13262.0,200.29,11
16415.0,200.27,47
15437.0,200.16,45
13980.0,200.14,11
14782.0,200.10000000000002,6
13723.0,199.85000000000002,6
15593.0,199.8,5
13322.0,199.48000000000002,25
16832.0,199.15,12
18110.0,198.8,37
17987.0,198.57,13
16178.0,197.9,8
12450.0,197.88,8
12581.0,197.71,15
14185.0,197.65,3
14789.0,197.64,6
16829.0,197.22,11
15234.0,197.0,14
12586.0,196.94000000000003,11
13436.0,196.89,12
15746.0,196.88,28
13978.0,196.79,15
16112.0,195.74,16
13792.0,195.55,13
17010.0,195.36,11
14666.0,195.25,14
15612.0,195.15,6
17475.0,194.37,14
15683.0,193.75,10
15198.0,193.64,10
17343.0,193.64,17
16847.0,193.44,12
14806.0,193.39000000000001,11
17383.0,193.39000000000001,49
14476.0,193.0,17
12522.0,192.72,12
12791.0,192.60000000000002,2
14768.0,192.60000000000002,5
16887.0,192.32999999999998,36
17608.0,191.99,56
14100.0,191.95,25
15909.0,191.94,7
14087.0,191.47,68
15692.0,191.04,12
17233.0,190.88,25
15723.0,190.70000000000002,38
13033.0,190.55,11
15412.0,190.53,10
13972.0,190.25,15
12361.0,189.9,10
13826.0,189.5,10
13663.0,189.47,13
14801.0,189.34,57
14830.0,188.88,39
14697.0,188.61,22
17781.0,188.02,12
17279.0,187.82999999999998,9
18013.0,187.29,31
13568.0,187.05,43
17440.0,186.42000000000002,5
13672.0,186.39000000000001,6
14551.0,186.23,10
15567.0,186.01,7
12641.0,185.9,10
17574.0,185.65,8
14199.0,185.39999999999998,2
16097.0,185.04999999999998,10
13482.0,184.64000000000001,11
17680.0,184.4,11
16433.0,184.26,17
15124.0,184.19,15
14326.0,183.85,8
16914.0,183.76,30
16680.0,183.7,10
14059.0,183.6,8
13460.0,183.44,17
13059.0,183.4,8
14966.0,183.02,36
16448.0,182.99,19
14082.0,182.25,29
15886.0,181.09,12
16594.0,181.09,53
17904.0,181.07,34
15945.0,181.0,2
16835.0,180.85,10
18119.0,180.7,29
18280.0,180.60000000000002,10
13710.0,180.48,8
14722.0,180.42,28
12622.0,180.1,11
15041.0,179.93,66
18147.0,179.34,7
15895.0,179.17,11
15454.0,179.1,25
16990.0,179.0,1
14705.0,179.0,1
16620.0,178.96,9
15139.0,178.96,13
15262.0,178.95000000000002,10
17660.0,178.75,38
13778.0,178.7,9
17879.0,178.52,6
15292.0,178.39,24
18045.0,178.34,43
17253.0,178.26,18
17356.0,178.22,19
18282.0,178.05,12
16403.0,177.5,10
13618.0,177.34,13
12618.0,177.31,11
13072.0,177.15,7
17947.0,176.68,9
14287.0,176.63,9
12893.0,176.55,31
12509.0,176.5,7
18274.0,175.92,11
17582.0,175.27,29
16144.0,175.2,1
17331.0,175.2,1
18010.0,174.8,14
14355.0,174.4,11
14518.0,174.37,16
18278.0,173.9,9
16861.0,173.76,6
14798.0,173.74,12
16565.0,173.7,3
12441.0,173.55,11
17772.0,173.45,50
15565.0,173.16000000000003,8
15670.0,173.05,12
14693.0,172.9,8
12923.0,172.82,28
18048.0,172.29000000000002,7
13922.0,172.25,7
13690.0,172.25,9
12442.0,172.06,12
16773.0,171.59,26
17245.0,171.45000000000002,9
13560.0,171.42000000000002,32
15432.0,171.19000000000003,10
14536.0,170.95,18
17542.0,170.75,25
14860.0,170.32,11
15335.0,170.22,35
18058.0,170.16,3
15016.0,170.04,20
13962.0,169.54999999999998,11
14218.0,169.48000000000002,12
12367.0,168.9,11
14578.0,168.63,24
18269.0,168.60000000000002,7
18099.0,168.31,19
15888.0,168.31,12
16282.0,168.3,11
17737.0,168.24,10
15986.0,168.12,14
15374.0,168.0,3
12551.0,168.0,10
16952.0,167.61,16
17367.0,167.55,33
15920.0,167.5,60
16405.0,167.25,5
14295.0,166.20000000000002,5
17650.0,166.07999999999998,8
12817.0,166.04000000000002,4
18088.0,166.03,37
17561.0,165.12,45
18042.0,165.04999999999998,7
13470.0,165.0,10
15316.0,165.0,1
15904.0,164.68,30
17535.0,164.4,13
13603.0,164.34,27
14552.0,164.22,57
14354.0,163.62,9
17110.0,163.29999999999998,12
17301.0,163.24,59
13223.0,163.2,5
14485.0,162.8,46
12920.0,162.78,27
16517.0,162.70000000000002,17
15733.0,162.3,10
18014.0,162.22,30
15325.0,161.74,48
17600.0,161.67000000000002,13
15458.0,161.64,7
16113.0,161.38,30
14237.0,161.0,9
13229.0,160.95,10
15852.0,160.71,22
12573.0,160.54000000000002,28
18203.0,160.42000000000002,19
18146.0,160.35,10
14714.0,160.19,10
12966.0,160.18,10
13598.0,160.04,35
13420.0,159.85,8
16213.0,159.0,6
18224.0,158.95000000000002,10
13937.0,158.85,9
15167.0,158.8,39
14089.0,158.75,13
17165.0,158.68,10
15160.0,158.16,4
15348.0,158.04,9
18004.0,157.92,37
17556.0,157.9,6
14799.0,157.7,13
17344.0,157.62,31
14148.0,157.2,3
17128.0,157.09,14
14585.0,157.05,29
17118.0,157.02,10
15007.0,156.91,12
15988.0,156.78,26
14406.0,156.75,8
15438.0,156.57999999999998,25
15263.0,156.51,12
17885.0,156.34,53
13898.0,155.93,12
17871.0,155.9,10
17832.0,155.37,61
12738.0,155.35,11
15447.0,155.17000000000002,9
13809.0,155.05,12
14368.0,155.0,8
14046.0,154.99,14
17698.0,154.95,8
15740.0,154.88,9
17026.0,154.83,4
17899.0,154.55,31
15226.0,154.41,8
16406.0,154.35,59
16921.0,154.18,55
17517.0,153.94,11
16351.0,153.9,8
12602.0,153.12,12
17714.0,153.0,10
16720.0,152.95,25
16248.0,152.94,7
14813.0,152.88,29
17984.0,152.68,48
18138.0,152.65,8
14066.0,152.55,7
17707.0,152.4,5
13514.0,152.20000000000002,4
14039.0,152.2,6
17898.0,152.06,28
16617.0,151.85,5
14208.0,151.74,10
14362.0,151.5,37
13462.0,151.5,9
17286.0,151.37,44
13697.0,151.3,12
16337.0,151.05,10
14073.0,151.04,13
14204.0,150.61,39
18200.0,150.35,30
15717.0,150.3,7
16932.0,150.23000000000002,48
17234.0,149.89,14
15869.0,149.64,15
17946.0,149.57999999999998,20
18262.0,149.48,13
15435.0,149.29,29
13003.0,149.05,6
17549.0,148.86,6
15526.0,148.44,4
14968.0,147.59,37
14098.0,147.35,21
14037.0,147.20000000000002,28
12864.0,147.12,3
17030.0,146.87,11
14238.0,146.85,8
16893.0,145.93,45
12565.0,145.92000000000002,9
17935.0,145.79,29
13866.0,145.67,7
15937.0,145.35000000000002,7
16598.0,145.05,10
17524.0,145.0,6
16852.0,144.91,9
12974.0,144.8,8
15748.0,144.36,20
14109.0,144.2,9
17186.0,144.0,2
12587.0,144.0,4
17578.0,143.45999999999998,5
15705.0,143.1,6
16461.0,142.92,32
16287.0,142.5,8
13299.0,142.5,5
13584.0,142.4,24
14386.0,142.4,7
17859.0,141.92,23
13561.0,141.85999999999999,14
14041.0,141.41,21
15503.0,141.04,66
15388.0,140.54,10
13483.0,140.34,10
14494.0,139.56,7
16483.0,139.35,19
17718.0,139.35,6
14772.0,139.26,9
18209.0,139.10000000000002,8
15135.0,139.05,9
13273.0,138.98,16
12902.0,138.68,10
14581.0,138.6,17
17122.0,138.32,7
13716.0,138.28,21
15663.0,138.14,9
16050.0,137.9,10
13279.0,137.75,9
17709.0,137.45,7
15836.0,137.37,10
14483.0,137.1,9
17468.0,137.0,5
15691.0,136.8,2
14247.0,136.77,20
16462.0,136.0,3
16412.0,135.99,30
12968.0,135.95,5
15042.0,135.93,5
14889.0,135.9,10
15419.0,135.86,8
16114.0,135.75000000000003,8
15174.0,135.75,11
16665.0,135.4,9
17972.0,135.19,30
13364.0,134.96,10
16055.0,134.8,8
14340.0,134.7,6
15562.0,134.55,1
14174.0,134.46,26
12837.0,134.1,12
14280.0,134.04,8
16424.0,133.56,5
14349.0,133.5,31
12445.0,133.4,4
17881.0,133.35,8
15709.0,133.25,6
17647.0,133.06,7
12512.0,132.18,31
17785.0,131.94,13
14438.0,131.9,9
12851.0,131.81,47
17455.0,131.7,8
14795.0,131.45000000000002,6
15844.0,130.73999999999998,11
16679.0,129.75,3
16611.0,129.49,10
16623.0,129.45000000000002,5
15276.0,128.63,49
16828.0,128.5,8
17297.0,128.18,49
17359.0,127.86,15
15543.0,127.86,28
13781.0,127.84,17
15578.0,127.1,13
15923.0,127.08,21
14962.0,126.7,5
16414.0,126.25,7
15463.0,126.14,7
16988.0,126.12,7
12814.0,125.92,2
13522.0,125.80000000000001,5
14861.0,125.79,6
14890.0,125.65,7
15017.0,125.58,20
12531.0,125.22,17
17148.0,124.88,9
16849.0,124.57,8
16569.0,124.2,5
14495.0,123.80000000000001,6
16658.0,123.24,8
15917.0,123.1,12
13519.0,122.75,8
13876.0,122.7,7
13638.0,122.64,8
16073.0,122.4,1
18018.0,122.14,29
13244.0,121.74000000000001,27
13182.0,121.18,11
15049.0,121.17000000000002,3
14413.0,121.05,22
15512.0,121.0,7
13002.0,120.95,7
17446.0,120.89999999999999,9
14165.0,120.44,24
18015.0,120.03,46
14314.0,120.0,8
14259.0,120.0,5
14453.0,119.93,22
16542.0,119.62,5
15266.0,119.3,6
16666.0,118.98,32
15843.0,118.95,8
17079.0,118.80000000000001,2
14155.0,118.75,6
14076.0,118.67,44
13581.0,118.0,10
12929.0,117.85,8
17654.0,117.55,22
16959.0,117.35000000000001,7
13877.0,117.24,3
17117.0,116.2,9
17601.0,116.00999999999999,9
14143.0,115.8,7
15350.0,115.65,5
13067.0,115.46000000000001,15
18027.0,115.31,21
14972.0,114.77,18
13188.0,114.6,2
16247.0,114.56,16
14632.0,114.56,8
17852.0,114.34,24
17219.0,114.23,25
14652.0,114.18,29
12938.0,114.14,9
14582.0,114.11,6
12651.0,114.0,9
14457.0,113.64,4
15445.0,113.5,5
17217.0,113.5,9
18105.0,113.48000000000002,18
16913.0,113.44,8
15280.0,113.12,16
14689.0,112.80000000000001,13
16697.0,112.75,21
13161.0,112.75,8
13807.0,112.6,7
18129.0,112.55000000000001,14
15610.0,112.46000000000001,6
17038.0,112.4,22
14271.0,112.32000000000001,10
17967.0,112.27,42
17900.0,112.19999999999999,6
12756.0,112.08,4
13193.0,112.08,25
17957.0,111.68,31
17887.0,111.35,10
18120.0,111.15,17
13508.0,110.97,12
13144.0,110.95,3
15537.0,110.92,24
15853.0,110.8,30
16963.0,110.55000000000001,7
14641.0,110.46000000000001,7
12734.0,110.39999999999999,4
16792.0,110.38,12
18277.0,110.38,8
17901.0,110.38,19
17746.0,110.25,6
17836.0,110.21000000000001,24
13133.0,109.8,7
16363.0,109.36000000000001,5
14699.0,109.13000000000001,8
14345.0,108.98,6
13170.0,108.81,30
17639.0,108.5,7
16106.0,108.38,6
13226.0,108.21000000000001,16
12956.0,108.07,19
14661.0,107.95,4
17274.0,107.82,25
16784.0,107.6,3
15395.0,107.45,7
17893.0,107.21,15
16757.0,106.83000000000001,7
15168.0,106.56,5
15070.0,106.2,1
17791.0,106.1,10
16581.0,105.84,9
15775.0,104.9,7
14027.0,104.82,6
15607.0,104.76,13
15958.0,104.35,7
18174.0,104.0,1
18255.0,103.30000000000001,6
17548.0,103.3,5
14542.0,103.25,5
18011.0,102.78999999999999,28
14836.0,102.45,6
17962.0,102.41,34
14981.0,102.12,8
13948.0,102.0,3
15212.0,101.8,5
18068.0,101.7,1
16516.0,101.69999999999999,6
17643.0,101.55,8
16006.0,101.4,8
18086.0,101.34,7
13101.0,101.19,8
16344.0,101.10000000000001,2
16498.0,100.97,15
14946.0,100.9,3
17427.0,100.8,2
14371.0,100.5,4
13703.0,99.5,1
17939.0,99.14,12
15256.0,98.45,6
17538.0,98.42,9
17349.0,98.25,8
15422.0,97.7,6
12984.0,97.5,4
17325.0,96.8,6
15216.0,96.6,2
14642.0,96.12,2
17024.0,95.85,3
17895.0,95.45,15
18249.0,95.34,8
12548.0,95.19999999999999,5
16387.0,94.36,4
13651.0,94.2,6
16339.0,94.05,18
15397.0,94.0,6
18033.0,93.82000000000001,33
15428.0,93.78,6
18227.0,93.75,5
13283.0,93.66,7
17991.0,93.35,5
12821.0,92.72,6
14054.0,92.46000000000001,6
12789.0,91.85,4
13551.0,91.80000000000001,4
13160.0,91.8,4
12659.0,91.68,5
15488.0,91.32000000000001,2
13947.0,90.60000000000001,5
14353.0,90.6,6
18084.0,90.48,1
16506.0,90.30000000000001,3
15552.0,90.12,17
16597.0,90.04,7
14117.0,90.0,3
14219.0,89.94,7
14974.0,89.94,17
14760.0,89.2,5
12686.0,89.14,7
14436.0,89.06,9
12353.0,89.0,4
15083.0,88.2,5
15180.0,87.5,6
13296.0,87.4,5
15541.0,85.13000000000001,29
15729.0,85.0,5
13841.0,85.0,1
13666.0,84.65,12
12401.0,84.3,5
17309.0,82.75,12
13006.0,81.57,4
17620.0,81.44,4
18281.0,80.82,7
16789.0,80.80000000000001,5
13967.0,80.7,2
17752.0,80.64,1
13747.0,79.6,1
15753.0,79.2,1
16078.0,79.2,1
17942.0,77.50000000000001,2
14785.0,77.4,3
13132.0,77.3,3
13992.0,76.8,5
14373.0,76.55,4
13106.0,76.5,1
17536.0,76.5,3
18113.0,76.32000000000001,1
14090.0,76.32000000000001,1
15668.0,76.32000000000001,1
16148.0,76.32000000000001,1
17995.0,76.1,2
17628.0,75.75,5
16610.0,75.66,6
13403.0,75.0,3
16468.0,74.9,2
18050.0,74.4,5
13095.0,74.39999999999999,6
17960.0,73.78,26
12506.0,73.5,23
18032.0,73.5,5
16171.0,73.19999999999999,3
17906.0,72.9,12
13686.0,72.0,8
13938.0,71.66,7
13185.0,71.4,1
17747.0,71.4,1
17022.0,71.0,7
18037.0,70.02,19
15863.0,68.84,18
14393.0,67.95,5
17382.0,65.4,2
13684.0,65.13,29
13130.0,64.0,2
13302.0,63.75,1
17263.0,63.440000000000005,23
12665.0,63.0,3
14437.0,63.0,5
14840.0,62.85,4
13218.0,62.64,5
15516.0,62.43,15
13194.0,60.7,3
17174.0,59.9,4
13391.0,59.8,1
13682.0,59.5,3
14957.0,58.49,12
13080.0,58.08,6
17775.0,56.4,3
15899.0,56.25,4
13366.0,56.16,1
16349.0,53.5,9
15504.0,52.83,13
13832.0,52.2,3
14865.0,52.2,4
15313.0,52.0,1
14682.0,52.0,2
17844.0,51.559999999999995,5
14351.0,51.0,1
13011.0,50.550000000000004,3
18184.0,49.8,1
14821.0,48.800000000000004,2
15603.0,48.480000000000004,2
16257.0,46.95,2
14080.0,45.599999999999994,4
15423.0,43.5,2
14300.0,43.2,3
15992.0,41.989999999999995,3
15178.0,40.5,3
14589.0,39.75,3
12977.0,39.239999999999995,9
16659.0,39.12,2
18019.0,38.45,5
12855.0,38.1,3
16162.0,37.4,2
17816.0,36.56,17
15940.0,35.8,1
14576.0,35.400000000000006,1
16856.0,35.400000000000006,2
17831.0,35.400000000000006,2
15744.0,34.8,3
16765.0,34.0,1
17408.0,32.65,2
13120.0,30.6,1
15657.0,30.0,1
17102.0,25.5,1
18268.0,25.5,1
17986.0,20.8,1
16953.0,20.8,1
16093.0,17.0,1
17763.0,15.0,1
13307.0,15.0,1
15823.0,15.0,1
16878.0,13.3,3
17956.0,12.75,1
16454.0,6.9,2
14792.0,6.2,2
16738.0,3.75,1
13256.0,0.0,1
